user_id,orders_per_month,avg_order_value,last_order_days,customer_rating,discount_used_before,ordered_without_discount,recommended_discount
0,20,483,48,5.0,0,1,34
1,16,274,20,4.4,1,1,28
2,6,737,49,3.0,0,1,50
3,3,851,26,4.9,1,1,50
4,4,353,33,2.8,0,0,50
5,2,235,54,2.7,1,0,50
6,14,793,16,4.4,1,1,30
7,4,826,22,3.3,1,1,50
8,20,536,56,4.2,1,1,38
9,8,215,7,4.6,0,1,37
10,13,559,45,4.5,1,1,46
11,11,534,20,3.6,1,0,38
12,15,673,17,4.6,1,1,28
13,2,453,17,4.2,0,0,50
14,11,165,55,4.8,1,0,50
15,3,235,33,3.1,0,0,50
16,1,791,30,2.5,1,1,50
17,15,788,8,4.2,1,1,24
18,2,119,37,2.6,0,1,50
19,3,805,33,3.1,1,0,50
20,15,997,8,4.2,0,1,24
21,20,494,31,3.6,1,1,25
22,18,244,3,3.8,1,0,15
23,12,131,15,2.6,0,1,33
24,13,853,10,3.2,1,0,29
25,2,114,26,4.9,0,0,50
26,18,285,41,4.8,0,1,34
27,8,274,55,3.9,1,0,50
28,16,679,25,3.9,1,0,30
29,9,332,40,3.9,0,1,50
30,6,382,46,4.5,1,0,50
31,16,443,34,4.5,1,0,35
32,9,638,54,5.0,1,1,50
33,16,326,35,4.0,1,1,35
34,3,805,6,3.5,1,0,47
35,8,627,24,3.2,1,1,46
36,20,342,11,3.8,1,0,15
37,15,830,23,3.3,0,0,31
38,14,726,52,3.3,0,0,48
39,4,834,31,2.6,0,0,50
40,15,341,2,3.4,0,1,21
41,2,188,30,2.5,0,1,50
42,3,966,28,4.1,0,1,50
43,6,822,29,3.1,0,0,50
44,6,215,15,2.9,1,0,45
45,1,789,38,3.9,1,1,50
46,16,986,54,3.4,1,1,45
47,10,850,36,4.4,0,0,48
48,5,930,40,2.6,1,0,50
49,5,280,60,4.3,0,0,50
50,7,556,49,2.6,0,0,50
51,19,501,3,3.4,0,1,13
52,9,686,27,3.8,0,1,45
53,18,600,55,3.4,1,1,41
54,8,904,4,4.5,0,0,36
55,15,228,21,3.3,1,0,30
56,12,716,48,4.4,0,0,50
57,14,336,29,5.0,1,1,36
58,2,905,56,3.6,1,0,50
59,11,603,33,3.4,0,1,44
60,11,265,1,5.0,0,1,28
61,2,153,11,4.4,0,0,50
62,9,324,7,4.7,0,1,35
63,5,571,27,2.7,0,1,50
64,12,372,54,4.9,1,0,50
65,14,519,6,4.5,0,1,25
66,19,444,55,4.1,0,0,39
67,1,140,30,2.7,1,0,50
68,6,287,21,3.2,1,1,48
69,12,130,40,4.3,0,0,46
70,12,682,52,2.6,1,1,50
71,14,783,29,3.1,0,1,36
72,6,370,8,3.6,1,1,42
73,4,421,55,4.4,0,0,50
74,10,692,14,3.4,1,0,37
75,9,257,37,3.1,1,0,50
76,17,890,59,2.5,0,1,45
77,10,720,8,3.6,1,0,34
78,19,655,39,2.9,0,1,31
79,9,309,34,3.7,1,1,49
80,12,258,30,3.8,1,1,41
81,7,129,59,4.9,1,0,50
82,10,316,45,3.5,0,1,50
83,20,567,57,4.7,0,1,38
84,11,358,56,2.7,1,1,50
85,17,374,45,3.9,1,1,38
86,2,226,51,2.5,0,0,50
87,19,252,16,2.6,1,0,20
88,1,427,4,4.5,1,1,50
89,16,933,50,4.5,0,0,43
90,9,951,30,2.8,0,1,47
91,2,371,4,4.5,0,0,48
92,1,707,52,3.8,0,0,50
93,8,250,52,3.1,1,0,50
94,1,794,23,4.7,1,0,50
95,13,379,23,3.9,1,0,35
96,1,501,2,3.1,1,0,49
97,3,743,51,4.0,1,0,50
98,11,192,41,3.7,1,0,48
99,2,770,56,3.3,0,1,50
100,12,146,38,3.5,0,0,45
101,18,391,6,4.2,0,1,17
102,4,899,4,3.2,1,0,44
103,2,247,14,3.5,1,0,50
104,1,220,6,5.0,0,0,50
105,10,983,7,2.9,1,1,33
106,14,898,9,4.1,0,0,26
107,13,607,55,4.4,1,0,50
108,13,501,44,5.0,0,0,46
109,10,473,59,4.6,0,0,50
110,11,543,36,3.2,0,1,46
111,15,958,53,2.9,1,0,46
112,8,569,54,4.6,1,1,50
113,6,259,49,3.4,1,1,50
114,5,408,13,3.9,1,0,46
115,17,976,56,4.0,1,0,44
116,19,532,19,3.3,0,1,21
117,16,259,44,5.0,0,0,40
118,20,505,35,3.5,1,0,27
119,20,589,20,3.2,1,1,20
120,13,410,26,5.0,0,0,37
121,19,691,22,3.3,0,0,23
122,4,148,14,5.0,1,1,49
123,3,707,34,3.5,0,0,50
124,13,133,16,4.2,1,1,32
125,20,468,7,3.6,1,1,13
126,3,644,2,3.5,0,0,45
127,13,986,31,4.6,0,1,39
128,7,825,28,4.4,0,1,50
129,1,162,25,3.7,0,1,50
130,14,476,29,4.9,0,0,36
131,9,120,58,4.6,0,0,50
132,12,884,35,4.4,0,1,43
133,16,925,53,3.5,1,1,44
134,20,930,7,3.7,0,1,13
135,15,362,6,4.9,0,1,23
136,7,447,41,2.8,1,1,50
137,17,450,51,4.3,0,0,41
138,10,392,5,3.4,1,0,32
139,19,103,41,2.6,1,0,32
140,13,407,22,4.9,0,1,35
141,13,526,25,4.6,1,1,36
142,15,569,20,3.9,1,1,30
143,2,155,11,4.2,0,1,50
144,6,942,14,3.6,0,1,45
145,2,455,14,2.7,0,0,50
146,19,731,8,3.4,0,0,16
147,7,369,28,3.7,1,0,50
148,12,103,58,4.8,0,1,50
149,3,264,44,2.7,1,1,50
150,17,872,17,4.1,0,1,24
151,20,961,28,5.0,1,0,24
152,9,385,16,4.8,0,1,40
153,19,775,27,4.0,1,1,25
154,1,272,32,3.1,1,1,50
155,16,277,40,3.6,0,1,38
156,5,950,3,4.3,1,1,41
157,17,596,4,4.9,1,1,18
158,13,965,18,3.3,1,1,33
159,8,212,30,4.4,1,1,49
160,18,779,17,4.7,0,0,22
161,9,641,6,4.8,0,1,35
162,2,311,59,3.7,1,0,50
163,4,842,14,3.2,1,1,49
164,1,364,47,4.3,0,0,50
165,5,964,59,2.7,0,0,50
166,12,601,29,2.7,1,0,40
167,1,858,48,3.1,0,0,50
168,6,210,15,4.3,0,0,45
169,17,855,33,5.0,1,1,32
170,16,878,34,3.8,1,1,35
171,19,857,23,2.6,1,0,23
172,10,175,39,3.6,0,1,49
173,16,840,56,3.4,1,1,46
174,3,121,43,3.4,0,0,50
175,6,887,9,3.1,0,1,42
176,9,692,9,3.3,0,1,36
177,17,304,38,3.1,0,0,35
178,17,630,53,3.8,1,1,42
179,8,577,32,3.2,0,0,50
180,1,165,9,4.6,1,1,50
181,16,348,8,2.7,1,0,22
182,17,573,15,3.2,1,0,23
183,20,938,45,4.5,1,0,32
184,12,653,59,4.1,0,0,50
185,14,497,36,2.7,1,0,40
186,11,439,28,2.6,0,1,42
187,1,429,1,2.5,1,0,48
188,9,168,16,4.0,1,0,40
189,19,339,20,3.7,0,0,22
190,5,595,35,4.6,1,1,50
191,18,566,50,3.0,0,0,39
192,9,950,42,5.0,1,0,50
193,9,927,24,4.9,0,1,44
194,14,654,24,4.1,1,1,34
195,2,397,20,4.9,0,0,50
196,18,155,1,3.7,0,1,14
197,18,806,35,3.8,0,1,31
198,20,450,47,3.7,0,1,33
199,2,643,40,2.7,0,1,50
200,20,541,39,4.3,1,1,29
201,17,862,44,3.2,0,1,38
202,18,746,47,3.4,1,1,37
203,6,427,15,3.7,1,1,45
204,15,502,23,4.3,1,1,31
205,8,799,54,4.6,1,0,50
206,2,669,24,4.0,1,0,50
207,18,331,48,4.0,1,1,38
208,13,894,31,4.9,1,0,39
209,7,607,57,4.4,0,0,50
210,19,783,46,4.9,0,0,35
211,12,957,38,2.9,1,0,45
212,20,178,54,4.4,1,1,37
213,1,328,15,2.6,0,1,50
214,10,353,19,3.1,0,1,39
215,17,292,43,3.3,1,0,37
216,3,739,55,5.0,0,1,50
217,16,331,42,4.3,0,1,39
218,4,340,6,4.0,1,1,45
219,13,847,40,3.6,1,1,44
220,20,566,53,4.7,1,0,36
221,8,595,1,3.3,1,0,34
222,8,304,13,2.9,0,1,40
223,13,556,12,4.7,0,1,30
224,13,288,9,2.9,1,0,28
225,19,688,60,4.7,1,0,42
226,1,402,16,3.1,1,0,50
227,14,540,2,2.6,1,1,23
228,2,635,14,4.8,0,1,50
229,13,109,9,3.9,1,1,28
230,11,628,42,2.8,0,0,49
231,20,763,32,3.9,1,0,26
232,16,361,42,4.6,0,0,39
233,15,530,39,3.0,0,0,39
234,15,266,46,4.3,1,0,43
235,1,349,5,4.1,1,1,50
236,17,509,10,4.9,0,1,21
237,19,772,26,3.5,1,0,25
238,9,510,42,4.9,0,1,50
239,9,967,59,2.8,1,1,50
240,5,985,20,3.3,1,1,50
241,17,556,35,4.9,0,0,33
242,17,764,30,3.8,0,1,31
243,20,258,60,4.4,0,1,40
244,1,648,42,3.2,0,0,50
245,12,487,51,4.8,1,1,50
246,8,100,36,3.4,1,1,50
247,5,950,27,3.9,0,1,50
248,16,380,52,4.8,0,1,44
249,8,181,51,3.8,0,0,50
250,5,636,34,3.5,1,0,50
251,5,444,37,3.6,1,0,50
252,14,609,48,4.7,1,0,46
253,5,549,16,4.3,1,0,48
254,1,635,2,2.9,0,1,49
255,3,283,59,4.9,0,1,50
256,4,244,38,2.6,1,0,50
257,14,524,10,4.2,0,0,27
258,4,959,9,3.1,1,1,46
259,13,414,33,2.7,1,0,40
260,18,575,8,3.8,1,0,18
261,1,807,20,4.0,0,1,50
262,18,358,45,4.2,1,1,36
263,20,138,1,4.0,0,1,10
264,12,117,45,2.7,1,0,48
265,12,261,12,4.8,1,0,32
266,2,671,13,4.6,1,1,50
267,17,615,45,4.1,0,1,38
268,18,395,19,4.9,0,1,23
269,8,814,50,3.6,0,1,50
270,18,311,30,2.7,1,1,29
271,6,125,56,4.3,1,0,50
272,6,175,8,4.6,0,1,42
273,18,860,55,5.0,1,1,41
274,12,868,49,3.9,0,1,50
275,19,199,57,2.9,1,0,40
276,11,710,53,4.4,1,0,50
277,6,568,41,5.0,0,1,50
278,7,973,23,2.7,1,0,47
279,18,428,33,4.2,0,1,30
280,8,188,8,4.9,0,1,38
281,6,259,51,2.9,1,1,50
282,8,441,6,4.4,0,0,37
283,18,498,42,3.2,1,0,35
284,14,447,31,2.8,1,1,37
285,6,139,8,2.6,1,1,42
286,20,237,47,2.9,1,0,33
287,11,100,60,4.8,0,1,50
288,8,584,42,4.3,0,1,50
289,2,995,43,4.1,1,1,50
290,11,189,12,4.0,0,1,34
291,1,552,55,3.7,0,1,50
292,14,739,53,4.0,1,0,48
293,6,832,44,3.6,0,0,50
294,15,215,45,2.8,0,0,42
295,17,713,52,5.0,0,0,42
296,6,309,7,3.6,0,0,41
297,16,157,37,4.6,0,1,36
298,19,541,39,2.9,1,1,31
299,3,765,45,3.5,1,1,50
300,6,179,55,2.9,1,1,50
301,9,590,30,2.8,1,0,47
302,15,179,54,4.3,0,0,47
303,6,949,48,4.5,1,0,50
304,20,344,56,3.6,1,0,38
305,15,928,59,3.3,0,1,49
306,1,821,20,4.2,1,0,50
307,10,687,35,4.1,1,0,47
308,18,825,48,4.7,0,1,38
309,13,790,20,2.6,0,0,34
310,13,296,1,3.0,0,1,24
311,8,265,46,3.4,1,0,50
312,3,383,44,3.7,0,1,50
313,14,619,32,3.9,1,1,38
314,11,229,8,3.0,1,1,32
315,16,806,37,3.6,0,1,36
316,10,900,18,2.7,1,1,39
317,5,556,1,2.8,1,1,40
318,1,470,9,3.2,1,1,50
319,7,377,52,4.8,1,1,50
320,11,661,51,3.6,1,1,50
321,6,140,46,4.0,1,1,50
322,10,149,5,4.1,1,0,32
323,19,600,44,3.2,1,0,34
324,14,615,17,4.3,1,0,30
325,7,323,24,4.1,0,1,48
326,6,821,42,4.5,1,1,50
327,9,120,13,3.7,0,1,38
328,13,935,25,2.8,1,0,36
329,7,211,35,4.4,0,0,50
330,9,368,48,3.8,0,1,50
331,13,502,3,3.9,0,1,25
332,18,879,21,4.2,1,1,24
333,13,180,19,2.7,1,1,33
334,18,213,10,3.3,1,0,19
335,13,479,4,2.8,1,1,26
336,9,153,37,4.4,1,0,50
337,5,928,6,4.3,1,1,43
338,20,607,12,4.3,0,0,16
339,8,389,23,3.9,0,0,45
340,18,116,48,4.2,0,1,38
341,13,920,15,4.4,0,1,31
342,19,719,25,4.5,1,0,24
343,9,320,17,3.2,1,0,40
344,8,619,44,3.6,1,1,50
345,17,770,12,3.9,0,1,22
346,18,689,4,4.3,1,1,16
347,19,504,19,4.8,1,1,21
348,11,690,16,3.0,1,0,36
349,16,524,19,4.7,0,1,27
350,2,808,27,4.1,1,0,50
351,20,438,53,4.7,1,0,36
352,7,198,26,3.1,0,0,49
353,7,722,9,4.4,1,0,40
354,13,794,47,4.5,0,1,47
355,15,626,27,3.1,0,1,33
356,5,935,36,3.9,1,0,50
357,15,975,17,3.6,0,1,28
358,5,878,16,3.7,0,0,48
359,8,688,57,4.4,1,1,50
360,17,335,12,3.8,1,1,22
361,16,108,44,2.8,0,1,40
362,10,161,17,3.3,0,1,38
363,9,106,12,4.5,0,0,38
364,9,119,6,2.9,0,0,35
365,18,868,5,3.9,1,1,16
366,16,123,57,4.5,1,0,46
367,7,166,10,4.4,1,1,41
368,20,124,19,5.0,1,0,19
369,17,413,33,3.7,1,0,32
370,13,261,38,4.3,0,0,43
371,11,347,16,3.5,1,0,36
372,4,339,54,3.4,1,0,50
373,20,702,45,3.7,0,1,32
374,7,360,40,4.3,0,1,50
375,9,109,30,3.0,0,1,47
376,12,636,23,3.4,1,0,37
377,5,929,48,4.3,1,1,50
378,15,404,57,2.9,1,0,48
379,18,797,4,2.8,0,1,16
380,6,321,23,4.0,1,1,49
381,14,280,31,3.4,1,1,37
382,15,342,23,2.6,0,0,31
383,13,639,13,2.7,1,0,30
384,16,126,27,3.5,0,1,31
385,15,568,11,4.2,0,1,25
386,15,902,51,4.1,1,0,45
387,9,431,15,4.9,1,0,39
388,13,654,59,3.5,0,1,50
389,13,602,5,4.5,1,1,26
390,9,937,21,3.7,0,0,42
391,2,849,49,4.3,1,0,50
392,12,163,5,4.7,1,0,28
393,10,453,17,2.7,0,0,38
394,11,426,40,4.1,1,0,48
395,17,617,11,2.7,1,0,21
396,15,456,26,4.2,1,0,33
397,5,968,43,4.9,1,0,50
398,2,134,1,4.2,1,0,46
399,5,892,50,4.9,0,0,50
400,13,297,12,4.5,1,1,30
401,17,610,22,5.0,1,0,27
402,1,523,53,3.0,1,1,50
403,15,877,39,3.5,1,0,39
404,3,537,60,4.0,0,1,50
405,8,570,21,3.7,1,1,44
406,3,618,40,4.6,0,1,50
407,3,577,14,4.8,0,1,50
408,5,509,50,3.6,1,1,50
409,8,772,29,4.0,1,1,48
410,14,953,27,2.8,0,0,35
411,7,876,26,3.3,0,0,49
412,1,665,45,4.2,1,1,50
413,20,322,27,4.1,0,1,23
414,5,775,19,3.0,0,1,49
415,13,580,16,3.7,0,1,32
416,8,607,29,3.5,0,1,48
417,20,895,21,2.6,0,0,20
418,2,237,30,3.3,1,1,50
419,3,510,15,4.3,0,1,50
420,8,558,25,3.3,1,1,46
421,1,726,24,4.8,1,1,50
422,11,930,23,2.8,1,0,39
423,13,117,33,3.4,1,1,40
424,16,248,23,4.2,0,0,29
425,3,543,32,4.5,1,0,50
426,14,149,51,4.3,0,1,47
427,19,653,14,4.8,1,0,19
428,18,787,3,3.9,1,1,15
429,20,498,8,4.0,1,1,14
430,6,801,53,4.4,0,0,50
431,14,951,26,4.0,0,0,35
432,7,731,47,3.2,1,0,50
433,8,414,57,4.1,0,0,50
434,13,898,37,4.5,0,0,42
435,13,311,59,2.8,0,0,50
436,19,682,8,4.3,0,0,16
437,16,590,13,3.2,1,1,24
438,14,252,7,4.3,1,0,25
439,8,784,22,4.4,0,1,45
440,18,632,38,2.8,1,0,33
441,5,285,36,3.9,0,0,50
442,8,683,12,4.1,0,0,40
443,15,947,29,3.8,1,1,34
444,15,464,56,4.5,1,0,48
445,19,447,11,3.7,0,1,17
446,1,946,43,3.8,1,1,50
447,14,569,1,3.1,0,1,22
448,4,415,19,3.1,0,1,50
449,2,961,19,4.1,1,0,50
450,12,974,44,3.3,0,0,48
451,16,419,49,3.6,0,1,42
452,3,746,34,4.1,1,0,50
453,20,569,4,2.8,0,1,12
454,10,943,4,3.1,1,1,32
455,4,999,34,2.7,0,1,50
456,17,547,27,3.7,0,0,29
457,12,886,58,3.7,0,0,50
458,13,992,38,3.9,1,0,43
459,7,125,60,4.6,0,0,50
460,1,981,17,3.7,1,1,50
461,7,276,57,4.5,1,0,50
462,5,169,29,4.9,1,1,50
463,20,869,3,4.6,1,1,11
464,16,212,6,3.6,0,1,21
465,4,278,30,3.7,1,0,50
466,4,404,17,2.5,0,1,50
467,19,615,39,4.0,0,1,31
468,7,661,14,5.0,1,0,43
469,3,860,11,2.6,0,0,49
470,10,300,10,2.7,0,1,35
471,2,306,48,4.9,0,0,50
472,4,987,32,3.7,1,0,50
473,13,319,5,2.9,1,0,26
474,12,927,51,4.1,0,1,50
475,3,483,26,4.5,1,1,50
476,14,289,18,3.1,0,0,31
477,6,162,5,3.3,0,1,40
478,19,869,37,2.9,0,1,30
479,2,409,24,2.6,0,1,50
480,6,273,47,4.0,1,1,50
481,16,595,30,2.7,1,0,33
482,16,974,24,4.2,0,0,30
483,16,746,54,2.8,1,1,45
484,9,567,52,4.6,0,0,50
485,7,834,36,3.4,0,0,50
486,2,898,55,4.5,1,1,50
487,2,604,58,5.0,0,1,50
488,5,854,52,2.5,0,1,50
489,10,768,34,3.7,1,0,47
490,2,849,58,4.2,1,0,50
491,4,610,20,5.0,0,0,50
492,18,783,1,5.0,1,1,14
493,5,462,48,3.7,0,1,50
494,8,157,60,4.2,1,1,50
495,4,716,47,3.2,1,1,50
496,1,419,60,3.4,0,1,50
497,17,382,29,3.2,0,1,30
498,8,951,23,2.8,0,1,45
499,16,718,46,3.3,1,0,41
500,11,124,51,4.1,1,1,50
501,18,574,20,4.7,0,0,24
502,14,435,29,2.6,0,1,36
503,7,946,58,4.1,1,1,50
504,4,968,39,2.6,1,0,50
505,5,921,50,4.0,0,1,50
506,10,120,17,3.9,1,0,38
507,7,964,37,3.6,1,0,50
508,1,409,44,4.2,0,1,50
509,15,976,13,5.0,1,0,26
510,6,951,46,4.6,1,1,50
511,7,747,41,4.0,0,1,50
512,5,828,51,4.3,1,1,50
513,6,248,50,4.1,0,1,50
514,5,242,38,4.7,0,1,50
515,5,561,20,3.0,0,1,50
516,16,272,54,2.7,0,0,45
517,17,113,20,4.5,1,1,26
518,3,957,15,3.5,1,0,50
519,15,391,4,2.8,1,0,22
520,7,502,14,3.2,0,0,43
521,10,937,43,3.9,1,0,50
522,4,649,16,4.6,1,0,50
523,17,135,2,3.6,1,0,17
524,10,272,6,3.6,1,1,33
525,20,831,47,3.4,0,0,33
526,19,844,51,3.6,0,0,37
527,3,251,33,3.9,1,0,50
528,12,361,17,4.3,1,1,34
529,5,297,43,3.5,0,1,50
530,15,469,56,2.5,0,0,48
531,18,202,10,4.9,1,1,19
532,10,463,44,4.3,1,1,50
533,2,826,28,3.2,1,1,50
534,3,965,56,4.6,1,0,50
535,15,985,45,4.2,1,1,42
536,2,521,48,4.8,0,1,50
537,11,429,32,3.1,1,1,44
538,15,402,1,3.0,1,1,20
539,19,500,17,4.9,1,0,20
540,3,752,3,4.9,0,1,45
541,9,544,60,3.5,0,1,50
542,1,920,7,3.5,0,1,50
543,1,919,24,2.6,0,1,50
544,12,378,53,4.8,1,1,50
545,20,431,10,3.5,0,1,15
546,9,747,2,2.7,1,1,33
547,3,346,16,2.7,0,1,50
548,20,852,40,4.5,1,1,30
549,12,996,49,3.5,1,0,50
550,6,287,56,5.0,0,0,50
551,14,734,1,3.0,1,1,22
552,3,477,19,4.0,0,0,50
553,1,499,5,4.8,0,1,50
554,11,591,40,3.6,0,0,48
555,8,886,38,4.4,1,0,50
556,8,605,40,3.1,0,1,50
557,11,926,36,2.6,0,0,46
558,16,598,20,4.7,0,1,28
559,14,776,16,2.6,1,0,30
560,6,636,48,3.7,1,0,50
561,12,818,28,3.0,0,1,40
562,9,928,2,2.7,1,1,33
563,9,194,22,4.0,1,1,43
564,17,676,28,2.5,1,0,30
565,14,403,21,4.8,1,1,32
566,8,428,58,3.3,1,1,50
567,12,915,53,3.2,1,0,50
568,15,220,33,3.4,0,0,36
569,8,818,1,5.0,0,0,34
570,18,894,34,2.8,0,1,31
571,11,636,5,4.7,1,1,30
572,6,469,8,5.0,1,1,42
573,6,170,51,3.4,1,1,50
574,16,511,43,3.7,0,1,39
575,5,991,19,4.5,0,1,49
576,8,765,57,2.9,1,0,50
577,8,965,24,3.2,0,0,46
578,7,433,27,2.7,0,0,49
579,3,362,10,2.7,0,1,49
580,5,191,57,2.6,1,0,50
581,6,340,51,3.3,1,1,50
582,17,650,55,3.2,1,0,43
583,16,144,14,2.6,0,0,25
584,17,566,27,3.2,0,0,29
585,1,637,34,2.7,1,1,50
586,20,661,45,3.5,1,0,32
587,16,549,39,4.1,0,0,37
588,6,693,18,4.4,1,1,47
589,14,725,44,3.0,1,1,44
590,14,996,16,3.6,1,1,30
591,18,541,5,4.3,1,1,16
592,13,172,21,4.5,1,0,34
593,6,689,11,4.5,0,0,43
594,11,356,33,4.6,1,0,44
595,11,380,22,4.0,0,0,39
596,9,938,59,4.0,1,1,50
597,15,718,37,4.1,0,1,38
598,10,450,53,4.7,0,1,50
599,2,578,39,3.2,0,0,50
600,1,155,10,3.9,0,1,50
601,2,287,33,4.5,1,1,50
602,1,651,50,4.5,0,0,50
603,10,843,5,3.9,0,1,32
604,16,850,40,3.2,1,1,38
605,8,725,5,4.6,0,1,36
606,5,252,1,4.0,0,0,40
607,11,325,13,3.2,0,1,34
608,10,966,21,3.0,1,1,40
609,16,682,24,2.9,0,0,30
610,4,704,31,4.0,0,1,50
611,6,841,24,3.1,1,0,50
612,14,625,20,2.8,0,1,32
613,17,190,52,3.6,0,1,42
614,11,634,46,3.3,1,1,50
615,12,897,31,4.4,0,1,41
616,4,408,60,3.0,1,1,50
617,3,244,32,2.5,0,1,50
618,12,874,6,3.8,1,1,29
619,11,397,5,3.3,0,1,30
620,8,384,25,4.5,1,0,46
621,5,285,44,4.7,0,0,50
622,18,270,18,3.6,0,0,23
623,8,964,31,2.8,0,1,49
624,9,392,21,4.8,1,1,42
625,19,371,37,5.0,1,1,30
626,8,229,21,3.8,0,1,44
627,12,728,41,3.3,0,1,46
628,13,323,29,4.0,0,1,38
629,9,608,59,3.9,0,1,50
630,4,984,10,3.2,1,1,47
631,2,792,37,3.1,0,0,50
632,15,473,30,5.0,1,0,35
633,11,556,8,4.9,1,0,32
634,7,263,6,4.9,1,1,39
635,1,753,34,3.0,0,1,50
636,16,211,26,3.5,1,0,31
637,10,380,28,2.9,1,1,44
638,5,932,52,3.7,1,1,50
639,16,318,23,3.9,1,0,29
640,5,909,19,2.7,1,1,49
641,10,869,58,4.0,1,1,50
642,2,546,23,3.5,0,1,50
643,13,705,8,4.3,0,0,28
644,16,133,55,4.1,0,1,45
645,9,426,53,3.1,1,0,50
646,5,562,10,3.6,0,1,45
647,10,326,53,2.7,1,1,50
648,18,778,7,3.0,0,1,17
649,19,208,15,2.6,0,0,19
650,11,792,26,3.2,0,0,41
651,18,944,16,4.8,0,1,22
652,4,108,41,4.5,0,0,50
653,5,908,10,3.0,1,1,45
654,16,945,6,3.5,0,1,21
655,20,584,20,2.7,1,0,20
656,9,139,13,4.6,1,1,38
657,7,681,58,4.1,0,1,50
658,11,305,43,4.7,1,1,49
659,17,233,40,3.5,0,1,36
660,9,190,11,3.6,0,0,37
661,7,322,14,4.4,1,1,43
662,6,397,42,4.9,1,0,50
663,20,707,14,3.3,1,0,17
664,16,869,22,4.3,1,0,29
665,13,610,41,2.7,1,0,44
666,17,146,40,3.1,0,1,36
667,9,909,25,3.6,1,0,44
668,2,631,9,2.6,0,1,50
669,20,664,3,2.8,0,1,11
670,15,292,19,4.5,1,0,29
671,12,995,19,4.5,1,0,35
672,17,969,21,4.3,0,0,26
673,7,916,1,4.1,0,1,36
674,6,794,47,3.2,1,1,50
675,16,152,15,4.3,1,1,25
676,19,744,55,4.6,1,0,39
677,1,655,21,3.1,1,1,50
678,5,873,21,3.8,1,0,50
679,13,143,45,3.6,1,0,46
680,3,425,60,2.6,1,1,50
681,1,966,20,5.0,1,0,50
682,14,403,7,3.7,0,1,25
683,19,134,36,3.0,1,1,30
684,12,404,24,4.2,0,0,38
685,18,898,56,5.0,1,1,42
686,2,789,2,3.5,0,1,47
687,18,627,35,3.5,1,1,31
688,1,196,46,3.0,0,0,50
689,5,113,60,2.8,1,1,50
690,14,952,47,2.6,1,1,45
691,5,669,4,4.9,1,1,42
692,10,450,48,3.9,1,0,50
693,12,394,24,4.5,1,1,38
694,17,498,57,4.6,1,0,44
695,2,202,42,4.2,0,1,50
696,14,134,2,3.5,0,0,23
697,5,758,8,4.5,0,0,44
698,17,710,18,5.0,0,1,25
699,12,286,1,3.5,1,1,26
700,17,560,37,4.9,0,0,34
701,3,973,47,3.4,1,0,50
702,6,724,31,4.6,0,1,50
703,7,255,51,2.8,1,0,50
704,6,815,8,2.7,1,0,42
705,15,837,38,2.8,0,1,39
706,14,823,22,4.5,1,0,33
707,11,793,18,3.4,0,1,37
708,17,987,37,4.8,0,1,34
709,8,196,58,4.3,1,1,50
710,17,564,24,3.5,1,0,28
711,12,777,48,4.3,0,1,50
712,16,803,39,4.5,0,0,37
713,5,992,44,3.6,0,0,50
714,14,808,48,3.3,0,0,46
715,20,243,42,4.8,0,1,31
716,4,677,47,4.2,1,1,50
717,8,157,9,2.8,0,1,38
718,13,727,26,2.9,0,0,37
719,15,917,54,3.3,1,0,47
720,17,988,39,4.1,1,1,35
721,6,908,43,4.8,0,0,50
722,16,701,31,3.8,1,0,33
723,2,121,27,4.4,0,0,50
724,11,726,52,2.6,1,1,50
725,9,812,40,3.5,1,0,50
726,5,706,13,4.4,1,1,46
727,18,530,39,4.4,1,0,33
728,5,625,32,3.4,1,1,50
729,18,723,30,2.6,0,1,29
730,3,229,20,3.2,1,0,50
731,1,716,9,4.5,1,0,50
732,16,423,7,4.2,1,0,21
733,9,874,8,3.7,1,1,36
734,13,419,19,3.2,0,0,33
735,5,209,40,3.3,0,0,50
736,16,721,56,3.3,1,0,46
737,19,261,55,3.6,1,0,39
738,5,456,22,4.8,0,0,50
739,11,761,40,2.8,0,1,48
740,4,632,35,3.2,1,1,50
741,12,279,47,2.7,1,0,49
742,3,369,56,4.3,1,0,50
743,15,994,22,2.8,0,1,31
744,4,249,12,3.3,0,0,48
745,11,810,33,4.2,1,1,44
746,2,487,38,4.3,1,0,50
747,13,296,33,3.4,0,0,40
748,17,936,38,3.4,1,1,35
749,5,660,18,3.7,1,1,49
750,19,175,59,3.3,1,1,41
751,2,732,3,3.5,0,0,47
752,19,727,29,2.7,0,0,26
753,6,152,51,4.6,0,1,50
754,7,602,14,3.5,0,0,43
755,12,510,59,4.1,0,1,50
756,8,166,5,4.1,1,0,36
757,20,255,23,3.1,0,1,21
758,9,873,42,3.3,0,1,50
759,20,1000,13,2.8,0,0,16
760,19,809,12,2.5,1,1,18
761,12,702,1,3.4,0,1,26
762,4,968,5,3.5,1,0,44
763,2,238,26,4.8,1,0,50
764,14,167,9,4.3,1,1,26
765,9,652,2,4.2,0,1,33
766,14,269,42,4.8,0,0,43
767,11,254,52,3.1,0,0,50
768,11,392,31,2.7,0,0,43
769,11,579,37,4.0,1,1,46
770,14,297,51,2.6,1,1,47
771,9,583,1,4.0,1,1,32
772,8,309,34,4.7,0,0,50
773,15,632,10,4.0,0,0,25
774,19,415,60,4.1,0,1,42
775,7,898,59,3.3,0,1,50
776,3,980,41,3.0,1,1,50
777,4,961,45,4.3,0,0,50
778,3,508,27,3.8,1,1,50
779,15,250,32,3.1,1,0,36
780,2,399,9,5.0,1,1,50
781,8,251,36,4.8,1,0,50
782,2,840,54,2.9,0,0,50
783,3,215,48,3.9,1,0,50
784,16,536,2,3.7,0,1,19
785,16,719,16,4.1,1,0,26
786,1,845,9,4.3,1,1,50
787,18,680,29,4.1,1,0,28
788,7,428,4,2.6,1,0,38
789,12,721,54,4.8,1,1,50
790,4,935,20,2.7,0,0,50
791,12,211,2,2.9,0,1,27
792,8,300,5,4.6,0,1,36
793,17,449,34,4.0,1,1,33
794,6,930,35,4.6,0,0,50
795,14,986,9,4.0,1,0,26
796,16,161,40,4.8,0,1,38
797,5,457,57,2.7,0,0,50
798,18,283,32,4.7,1,1,30
799,2,928,25,3.5,0,1,50
800,13,787,4,4.8,1,1,26
801,3,163,2,3.1,0,1,45
802,10,115,21,3.9,0,1,40
803,4,706,20,3.8,1,0,50
804,10,554,19,4.9,0,0,39
805,18,106,42,4.1,1,0,35
806,10,781,20,4.0,1,1,40
807,6,976,26,4.0,1,1,50
808,7,541,29,3.9,0,0,50
809,10,141,41,2.9,1,1,50
810,4,508,1,2.7,0,1,42
811,8,450,33,2.8,1,1,50
812,3,595,55,4.9,1,1,50
813,2,891,57,4.2,1,0,50
814,16,721,59,3.3,1,0,47
815,6,765,45,2.7,0,1,50
816,16,1000,17,3.1,0,0,26
817,17,567,41,4.9,0,1,36
818,5,598,43,2.7,0,1,50
819,5,260,59,4.0,1,1,50
820,17,956,42,4.2,0,0,37
821,12,498,38,2.6,0,1,45
822,15,706,31,4.1,1,0,35
823,4,973,10,3.1,1,1,47
824,13,305,55,4.6,0,0,50
825,18,168,56,4.3,0,1,42
826,20,715,47,2.6,1,1,33
827,15,671,56,2.8,1,0,48
828,14,643,46,4.3,1,0,45
829,6,235,8,3.9,0,0,42
830,14,185,18,3.3,1,1,31
831,3,192,33,3.9,0,1,50
832,15,504,51,3.8,1,0,45
833,6,939,22,3.0,1,0,49
834,6,266,47,3.7,1,1,50
835,20,790,34,4.1,0,0,27
836,15,876,32,4.2,1,1,36
837,17,592,35,3.8,1,0,33
838,20,332,30,3.7,1,0,25
839,18,277,23,3.3,0,0,25
840,12,798,11,4.4,1,1,31
841,1,976,54,3.3,1,1,50
842,4,138,38,4.5,1,0,50
843,2,949,33,4.7,1,0,50
844,8,680,23,2.8,1,0,45
845,10,482,37,3.4,0,1,48
846,7,821,44,4.3,0,0,50
847,17,853,16,5.0,1,0,24
848,16,419,16,3.3,1,1,26
849,8,118,48,4.2,0,1,50
850,16,320,23,2.7,1,1,29
851,3,432,33,4.6,1,0,50
852,19,520,9,4.0,1,0,16
853,7,341,30,3.5,1,1,50
854,3,826,49,3.7,1,0,50
855,15,883,41,2.5,0,1,40
856,18,390,52,4.9,1,0,40
857,3,1000,1,4.3,1,1,44
858,2,625,52,4.5,1,1,50
859,13,157,45,4.3,0,0,46
860,20,237,27,3.6,1,0,23
861,1,693,50,4.2,0,0,50
862,4,619,19,4.5,1,0,50
863,4,666,53,3.1,1,1,50
864,3,468,35,2.8,1,0,50
865,13,136,21,4.0,1,1,34
866,1,994,55,3.6,0,0,50
867,10,143,3,3.7,1,0,31
868,14,936,26,4.6,1,0,35
869,4,588,36,3.5,0,1,50
870,5,866,24,2.8,0,1,50
871,17,109,20,4.2,1,1,26
872,8,298,42,4.4,1,1,50
873,20,472,37,3.4,0,0,28
874,2,932,51,3.9,0,0,50
875,18,775,21,4.5,1,0,24
876,14,238,29,3.5,1,1,36
877,8,994,5,4.1,1,0,36
878,16,210,49,4.8,0,0,42
879,9,745,33,3.2,1,0,48
880,14,273,33,4.0,0,1,38
881,16,435,7,3.2,0,1,21
882,11,780,32,4.2,0,1,44
883,6,709,27,2.7,1,1,50
884,17,783,46,4.0,0,1,39
885,17,326,22,4.2,1,0,27
886,18,702,21,4.8,1,0,24
887,10,192,34,4.3,0,0,47
888,17,958,30,3.4,0,1,31
889,4,850,57,3.7,0,1,50
890,9,587,4,3.3,1,1,34
891,11,678,44,3.3,0,0,50
892,13,176,16,2.8,0,1,32
893,4,632,43,3.9,0,1,50
894,2,763,31,4.0,1,1,50
895,10,784,33,4.7,1,0,46
896,1,184,36,4.2,1,1,50
897,16,335,6,4.9,1,1,21
898,19,457,45,3.8,0,1,34
899,10,802,25,3.4,1,1,42
900,8,899,15,3.6,1,1,41
901,8,467,36,2.7,1,0,50
902,11,881,38,3.3,1,1,47
903,7,732,23,4.4,1,1,47
904,3,815,5,4.2,0,1,46
905,4,294,32,2.8,1,0,50
906,1,464,43,3.8,1,1,50
907,20,860,30,4.8,1,1,25
908,16,810,10,3.0,1,1,23
909,18,875,52,3.8,0,1,40
910,16,318,39,4.9,1,0,37
911,8,274,49,4.0,1,0,50
912,1,644,53,4.9,1,0,50
913,12,617,9,4.0,1,1,30
914,4,514,42,4.2,1,1,50
915,2,164,6,2.8,0,1,49
916,7,447,4,2.6,1,1,38
917,20,480,44,4.3,0,1,32
918,16,666,11,2.5,1,1,23
919,20,695,7,4.3,0,0,13
920,6,436,33,4.9,1,0,50
921,11,148,33,4.9,0,1,44
922,13,838,40,3.7,0,0,44
923,16,221,38,2.6,1,0,37
924,13,821,21,4.6,1,0,34
925,13,364,1,2.7,0,1,24
926,6,493,53,4.8,1,0,50
927,20,834,17,3.1,0,1,18
928,13,189,33,3.6,0,0,40
929,12,303,45,3.2,0,0,48
930,4,859,53,2.6,1,1,50
931,19,594,49,2.6,1,1,36
932,19,416,29,4.5,0,0,26
933,5,350,29,2.6,1,0,50
934,5,310,38,3.3,0,0,50
935,13,967,40,2.8,0,0,44
936,7,107,43,3.6,1,0,50
937,11,665,7,4.2,1,0,31
938,16,966,57,3.5,1,0,46
939,15,912,59,4.9,1,1,49
940,15,692,48,3.7,1,1,44
941,15,625,52,3.8,1,0,46
942,5,235,58,4.8,0,1,50
943,20,880,47,3.4,1,1,33
944,17,518,46,3.2,0,1,39
945,20,987,43,2.9,0,1,31
946,9,476,38,3.5,0,1,50
947,10,525,57,3.3,1,0,50
948,2,439,51,3.3,1,1,50
949,19,128,52,4.5,1,0,38
950,6,229,46,4.2,1,0,50
951,8,233,3,4.6,1,0,35
952,20,409,29,4.1,0,1,24
953,11,142,41,3.5,0,1,48
954,11,267,47,3.5,1,1,50
955,10,316,5,4.1,1,1,32
956,7,402,49,3.3,1,0,50
957,8,120,43,3.5,1,1,50
958,17,530,33,4.3,0,0,32
959,10,222,14,3.6,0,1,37
960,9,525,16,2.8,0,1,40
961,7,278,52,4.3,1,1,50
962,7,708,31,2.8,1,0,50
963,10,390,37,3.4,1,1,48
964,4,648,50,4.0,0,1,50
965,20,460,31,4.3,0,1,25
966,8,257,15,4.6,1,1,41
967,13,656,58,3.5,0,1,50
968,3,826,50,3.7,1,1,50
969,1,926,43,2.6,0,0,50
970,13,550,59,2.9,0,1,50
971,8,627,14,4.4,0,0,41
972,9,879,31,4.8,1,1,47
973,13,954,41,2.5,0,1,44
974,20,240,59,2.7,1,0,39
975,2,451,34,2.9,0,0,50
976,18,892,43,3.2,0,1,35
977,2,762,49,3.8,0,1,50
978,9,593,17,2.7,1,1,40
979,2,383,20,4.2,0,0,50
980,17,741,36,3.5,1,1,34
981,1,753,38,2.7,1,1,50
982,12,282,27,3.6,1,1,39
983,5,198,11,4.9,1,1,45
984,15,646,23,2.8,1,1,31
985,3,367,32,3.8,1,1,50
986,6,237,14,2.7,0,0,45
987,12,772,51,3.5,0,0,50
988,4,392,34,3.0,1,1,50
989,8,934,19,4.5,0,1,43
990,6,334,37,4.5,1,0,50
991,20,491,53,3.2,1,0,36
992,18,951,57,3.1,1,1,42
993,9,767,9,4.7,1,1,36
994,7,282,16,3.9,1,1,44
995,20,327,3,3.1,1,0,11
996,12,632,4,3.3,0,1,28
997,13,205,17,3.9,0,1,32
998,6,776,34,4.8,1,1,50
999,20,972,47,4.6,0,0,33
1000,17,433,46,4.0,1,0,39
1001,7,128,2,4.7,1,0,37
1002,4,409,11,2.9,1,0,47
1003,4,176,17,5.0,0,0,50
1004,10,186,3,4.4,0,0,31
1005,20,870,17,4.3,1,1,18
1006,4,459,28,3.3,0,0,50
1007,5,746,22,4.2,1,1,50
1008,18,748,30,2.9,1,1,29
1009,14,892,22,4.4,0,1,33
1010,8,314,60,2.9,1,1,50
1011,9,657,15,3.9,1,0,39
1012,9,682,34,4.2,0,0,49
1013,10,806,46,4.3,1,0,50
1014,9,512,47,4.3,0,0,50
1015,5,991,9,3.7,1,1,44
1016,14,242,41,3.9,0,1,42
1017,7,908,12,4.9,0,1,42
1018,19,394,31,3.8,1,1,27
1019,16,247,56,2.9,0,0,46
1020,19,652,46,2.5,1,1,35
1021,20,925,33,4.1,1,1,26
1022,16,357,54,3.9,1,1,45
1023,8,778,9,3.5,0,0,38
1024,4,498,2,4.4,0,1,43
1025,1,566,51,4.7,0,0,50
1026,3,369,56,3.9,1,1,50
1027,20,934,18,4.9,1,0,19
1028,10,355,52,4.7,1,1,50
1029,4,614,31,2.6,0,0,50
1030,3,923,31,3.9,1,1,50
1031,17,799,41,3.9,1,1,36
1032,6,494,1,3.5,1,0,38
1033,14,334,26,3.4,1,1,35
1034,18,831,53,2.6,0,1,40
1035,4,112,57,3.9,1,0,50
1036,9,981,54,2.6,1,0,50
1037,20,323,36,3.7,1,0,28
1038,18,135,41,3.4,1,1,34
1039,7,392,9,4.9,0,0,40
1040,9,370,56,3.5,1,0,50
1041,14,629,50,3.3,0,1,47
1042,14,309,16,4.9,0,0,30
1043,3,407,22,4.1,0,0,50
1044,17,709,44,4.5,1,0,38
1045,8,234,43,3.8,0,1,50
1046,14,128,37,3.1,0,0,40
1047,7,229,33,2.7,1,0,50
1048,11,963,30,2.8,0,1,43
1049,19,153,58,2.7,0,1,41
1050,6,561,8,3.5,1,1,42
1051,5,699,15,3.3,1,0,47
1052,16,118,14,3.3,0,1,25
1053,20,336,51,3.4,0,0,35
1054,18,158,11,3.5,0,0,19
1055,18,914,36,4.7,0,0,32
1056,13,262,52,4.1,1,1,50
1057,10,196,23,4.1,0,0,41
1058,14,864,3,3.1,1,1,23
1059,7,810,24,2.8,0,1,48
1060,18,457,57,2.7,1,1,42
1061,2,282,17,3.1,1,1,50
1062,1,864,25,3.4,1,1,50
1063,12,603,51,2.5,1,0,50
1064,19,640,42,3.1,0,0,33
1065,19,748,41,4.8,0,0,32
1066,8,690,54,2.6,1,1,50
1067,19,389,42,4.5,0,0,33
1068,16,983,4,4.7,1,1,20
1069,5,556,58,3.4,0,0,50
1070,17,159,47,4.2,0,1,39
1071,5,819,36,4.1,0,1,50
1072,5,937,50,5.0,0,1,50
1073,9,692,44,4.1,1,0,50
1074,20,857,42,3.9,1,0,31
1075,11,881,42,3.5,1,1,49
1076,2,332,11,2.8,0,0,50
1077,15,935,29,2.6,0,1,34
1078,6,928,55,4.1,1,1,50
1079,6,229,46,3.5,0,0,50
1080,3,903,30,4.0,1,0,50
1081,7,394,31,3.0,0,0,50
1082,20,520,41,3.7,1,0,30
1083,9,289,41,4.1,0,0,50
1084,18,552,35,2.8,1,1,31
1085,9,415,34,4.2,1,1,49
1086,16,526,18,4.8,1,0,27
1087,9,280,32,3.0,0,0,48
1088,6,772,15,4.1,1,0,45
1089,17,612,4,4.1,0,1,18
1090,12,689,55,2.6,1,1,50
1091,1,716,29,4.2,1,1,50
1092,15,966,45,4.6,0,0,42
1093,3,419,3,3.9,1,1,45
1094,14,692,46,3.7,1,0,45
1095,14,907,30,4.6,1,1,37
1096,2,353,51,4.1,0,0,50
1097,7,736,21,4.4,0,0,46
1098,13,370,28,4.3,1,0,38
1099,19,300,14,4.5,1,0,19
1100,9,960,37,4.9,0,1,50
1101,3,102,59,4.9,0,1,50
1102,15,358,30,4.7,1,1,35
1103,12,185,11,3.7,0,1,31
1104,1,252,33,4.1,1,0,50
1105,4,399,17,4.4,1,0,50
1106,20,292,59,4.2,1,1,39
1107,3,873,56,2.5,0,0,50
1108,12,992,4,3.4,0,1,28
1109,5,693,38,3.2,0,0,50
1110,9,174,59,4.3,1,1,50
1111,17,573,29,3.6,1,1,30
1112,8,362,47,4.4,0,0,50
1113,13,319,15,4.4,0,1,31
1114,1,354,8,2.7,0,1,50
1115,14,174,16,2.9,0,0,30
1116,8,641,28,2.9,1,0,48
1117,17,478,56,3.2,1,0,44
1118,2,440,48,4.6,0,1,50
1119,15,996,42,4.9,1,1,41
1120,5,682,49,3.5,0,1,50
1121,19,166,25,2.6,1,1,24
1122,5,149,47,2.8,1,0,50
1123,19,158,36,3.9,0,0,30
1124,8,221,27,4.0,0,1,47
1125,8,782,35,3.8,1,1,50
1126,14,262,40,2.8,1,0,42
1127,3,750,56,4.8,0,1,50
1128,15,432,25,4.5,1,1,32
1129,9,764,56,3.2,0,0,50
1130,9,278,11,4.5,0,0,37
1131,12,532,49,3.3,0,1,50
1132,10,184,41,3.9,1,1,50
1133,16,531,18,4.6,0,1,27
1134,2,417,59,2.5,0,1,50
1135,14,785,36,3.2,0,1,40
1136,4,856,8,2.8,0,0,46
1137,9,375,20,3.4,1,0,42
1138,3,692,44,3.3,1,0,50
1139,12,737,28,3.9,0,0,40
1140,14,375,55,3.1,0,0,49
1141,17,596,30,3.5,0,0,31
1142,5,631,32,3.5,0,0,50
1143,1,759,25,4.2,1,0,50
1144,12,904,54,4.6,1,0,50
1145,16,854,38,2.9,1,1,37
1146,8,458,14,2.5,0,0,41
1147,14,839,35,4.1,0,1,39
1148,5,287,13,3.7,1,0,46
1149,1,206,27,3.4,1,1,50
1150,9,863,50,2.7,0,1,50
1151,2,747,50,3.9,0,1,50
1152,20,849,45,3.7,1,1,32
1153,3,274,48,2.7,0,0,50
1154,14,744,19,3.7,0,1,31
1155,2,651,41,4.9,0,0,50
1156,12,555,36,4.6,0,1,44
1157,6,526,32,3.2,0,1,50
1158,5,863,21,4.6,1,0,50
1159,19,866,56,2.5,0,0,40
1160,11,569,47,4.4,1,1,50
1161,9,313,43,4.7,1,1,50
1162,20,591,28,3.0,0,0,24
1163,20,743,53,4.6,1,0,36
1164,19,921,8,4.0,0,0,16
1165,16,974,38,4.6,0,1,37
1166,1,355,6,5.0,1,1,50
1167,17,626,54,4.5,0,1,43
1168,10,297,60,4.9,1,1,50
1169,4,843,34,3.2,1,0,50
1170,4,530,46,4.0,0,0,50
1171,14,405,60,3.4,0,1,50
1172,16,186,2,2.9,1,1,19
1173,10,891,38,3.1,1,1,49
1174,7,833,24,3.5,1,0,48
1175,3,294,56,3.2,1,1,50
1176,11,405,3,3.3,1,1,29
1177,20,248,23,4.0,0,1,21
1178,20,578,7,4.9,1,1,13
1179,13,516,6,4.6,0,1,27
1180,2,154,40,2.7,1,0,50
1181,12,461,36,2.9,0,1,44
1182,2,647,2,3.7,0,0,47
1183,3,774,60,3.6,0,0,50
1184,5,926,28,3.1,0,0,50
1185,14,624,42,4.2,1,1,43
1186,1,393,24,3.3,1,0,50
1187,9,777,5,4.3,1,1,34
1188,12,715,24,2.8,0,1,38
1189,9,415,57,3.2,0,0,50
1190,7,973,26,4.2,1,1,49
1191,5,761,11,3.2,0,1,45
1192,7,724,55,3.9,0,1,50
1193,20,761,56,4.6,0,0,38
1194,10,584,45,4.2,0,0,50
1195,15,512,5,4.8,0,1,22
1196,1,365,17,3.6,0,0,50
1197,9,674,33,4.7,1,0,48
1198,3,116,30,4.2,1,0,50
1199,6,592,58,4.7,1,0,50
1200,16,645,32,3.5,1,0,34
1201,14,739,11,3.7,0,0,27
1202,19,520,49,3.9,1,1,36
1203,16,860,39,3.1,0,0,37
1204,16,744,42,2.9,1,1,39
1205,3,740,33,3.4,1,0,50
1206,18,214,16,4.9,0,0,22
1207,5,581,25,3.8,1,1,50
1208,1,758,22,4.1,0,0,50
1209,17,685,34,4.2,1,0,33
1210,20,485,21,4.5,0,1,20
1211,5,478,14,4.8,0,1,47
1212,14,312,14,4.2,1,1,29
1213,19,854,28,4.7,1,1,26
1214,14,322,14,4.4,0,0,29
1215,7,890,13,3.4,1,1,42
1216,20,762,37,3.0,1,0,28
1217,13,621,24,4.7,1,1,36
1218,11,971,25,3.0,0,0,40
1219,15,659,4,4.1,1,1,22
1220,8,948,48,4.2,1,0,50
1221,20,666,46,3.4,1,1,33
1222,4,331,3,4.8,0,0,43
1223,13,999,57,3.8,1,1,50
1224,16,637,25,3.8,1,0,30
1225,20,204,22,3.9,1,0,21
1226,14,861,25,2.7,1,0,34
1227,4,360,15,3.9,0,1,49
1228,19,741,38,4.6,0,0,31
1229,6,438,51,4.9,0,0,50
1230,11,270,32,3.5,1,1,44
1231,16,226,13,4.9,0,1,24
1232,14,242,52,2.9,1,0,48
1233,9,746,25,3.9,1,0,44
1234,10,788,41,4.5,1,0,50
1235,2,726,38,4.6,1,0,50
1236,12,566,50,4.8,0,0,50
1237,17,232,18,5.0,0,0,25
1238,18,770,42,3.4,1,1,35
1239,10,983,43,4.6,1,0,50
1240,7,814,11,4.6,1,0,41
1241,11,444,11,2.9,0,0,33
1242,18,830,19,4.9,0,1,23
1243,18,731,21,3.0,0,1,24
1244,17,777,45,4.9,1,1,38
1245,17,647,40,2.7,1,1,36
1246,15,588,56,2.6,0,1,48
1247,7,404,10,3.5,0,1,41
1248,11,466,54,4.4,0,1,50
1249,16,108,34,4.1,0,1,35
1250,2,858,39,3.4,1,0,50
1251,16,346,54,3.1,1,1,45
1252,11,403,30,3.2,0,0,43
1253,6,435,54,2.9,0,0,50
1254,7,728,11,2.7,1,0,41
1255,2,307,42,4.9,0,0,50
1256,3,478,18,4.3,0,0,50
1257,7,774,18,3.8,1,0,45
1258,17,657,43,4.4,0,1,37
1259,9,430,21,4.8,1,1,42
1260,11,599,12,4.5,0,0,34
1261,18,506,23,4.0,1,1,25
1262,11,715,58,3.2,1,0,50
1263,10,718,56,4.8,0,0,50
1264,9,662,41,3.5,1,0,50
1265,6,346,11,4.9,0,1,43
1266,20,805,12,3.6,0,0,16
1267,5,977,44,3.7,1,0,50
1268,1,246,8,3.1,0,0,50
1269,19,604,24,3.9,1,0,24
1270,14,200,35,4.1,0,0,39
1271,11,666,53,3.2,0,0,50
1272,10,753,41,3.6,0,1,50
1273,10,407,57,2.5,0,0,50
1274,20,270,41,3.0,1,0,30
1275,17,635,30,3.5,0,1,31
1276,12,691,39,2.8,1,1,45
1277,6,924,38,4.3,0,0,50
1278,14,500,27,3.4,0,1,35
1279,6,855,9,2.8,0,1,42
1280,20,570,37,3.8,0,1,28
1281,4,290,26,3.6,0,0,50
1282,10,398,32,2.9,0,0,46
1283,7,373,28,3.3,0,0,50
1284,5,771,35,3.5,1,1,50
1285,19,254,23,3.1,0,1,23
1286,12,866,46,3.4,0,1,49
1287,9,432,5,3.1,0,1,34
1288,1,151,60,4.4,1,1,50
1289,5,356,5,4.6,1,1,42
1290,9,341,25,2.8,1,0,44
1291,10,166,49,2.7,0,0,50
1292,9,808,20,5.0,0,0,42
1293,4,225,36,3.6,1,1,50
1294,9,754,21,4.7,1,1,42
1295,11,297,52,3.8,1,0,50
1296,7,797,7,3.5,1,0,39
1297,5,408,10,3.0,0,1,45
1298,2,918,28,2.6,0,0,50
1299,17,874,4,3.4,0,1,18
1300,12,409,7,3.9,0,1,29
1301,1,545,9,3.7,1,1,50
1302,2,946,59,3.5,1,1,50
1303,12,640,51,4.9,1,0,50
1304,1,542,26,3.4,0,1,50
1305,6,648,53,3.4,0,1,50
1306,6,941,22,2.5,1,1,49
1307,13,479,54,4.1,1,1,50
1308,8,520,18,4.4,1,1,43
1309,7,329,3,2.6,1,0,37
1310,16,918,23,3.5,1,0,29
1311,3,501,33,3.4,0,1,50
1312,20,659,5,3.5,1,1,12
1313,19,744,11,3.8,1,0,17
1314,17,316,24,2.6,1,0,28
1315,1,662,53,4.0,0,1,50
1316,7,357,9,2.7,1,1,40
1317,16,968,45,4.1,1,0,40
1318,20,185,24,3.7,0,1,22
1319,18,309,49,4.8,1,0,38
1320,13,277,18,3.6,0,1,33
1321,13,943,19,3.2,1,1,33
1322,19,807,24,4.9,0,1,24
1323,14,325,4,3.3,0,1,24
1324,12,767,37,2.9,0,0,44
1325,13,909,50,2.6,0,1,49
1326,3,678,17,4.2,1,1,50
1327,11,786,13,2.6,0,1,34
1328,3,165,33,3.0,0,1,50
1329,11,577,17,3.2,1,1,36
1330,6,462,28,2.5,1,1,50
1331,16,455,56,4.7,0,1,46
1332,4,184,4,4.8,0,1,44
1333,15,696,53,3.3,1,0,46
1334,19,392,8,2.7,1,0,16
1335,13,778,7,3.7,0,0,27
1336,17,626,29,3.7,1,0,30
1337,3,506,18,4.2,0,0,50
1338,11,487,19,2.9,0,1,37
1339,12,559,47,2.7,1,0,49
1340,3,473,43,3.1,1,1,50
1341,16,902,30,4.8,1,1,33
1342,10,343,16,3.4,1,1,38
1343,13,763,25,3.6,1,0,36
1344,4,926,40,3.1,1,1,50
1345,5,781,29,2.6,0,1,50
1346,8,931,49,3.8,0,0,50
1347,8,737,39,3.1,1,1,50
1348,20,550,4,3.9,0,1,12
1349,16,624,22,4.4,0,0,29
1350,12,585,45,4.2,0,0,48
1351,8,904,8,4.7,1,0,38
1352,17,143,21,2.6,0,1,26
1353,19,282,10,3.6,1,0,17
1354,16,202,36,4.5,1,0,36
1355,4,485,4,3.3,0,0,44
1356,10,819,32,2.6,0,1,46
1357,6,601,53,4.5,1,1,50
1358,19,407,50,4.9,1,1,37
1359,19,687,53,2.8,0,1,38
1360,15,829,35,4.1,1,0,37
1361,12,946,12,4.6,1,0,32
1362,12,818,8,3.9,1,1,30
1363,14,924,13,4.3,1,1,28
1364,15,797,48,4.4,0,0,44
1365,17,579,27,4.3,0,1,29
1366,8,805,13,4.0,0,1,40
1367,9,817,30,3.7,0,1,47
1368,1,278,49,5.0,1,0,50
1369,2,587,33,3.4,0,0,50
1370,19,126,31,4.1,1,0,27
1371,6,751,29,4.0,0,0,50
1372,2,836,8,2.8,1,0,50
1373,11,894,24,4.5,0,0,40
1374,3,508,9,4.7,1,1,48
1375,3,403,2,4.8,0,0,45
1376,12,885,31,4.6,0,0,41
1377,18,227,19,2.9,1,0,23
1378,3,159,31,2.9,0,0,50
1379,11,616,19,4.7,0,0,37
1380,18,872,16,4.2,0,1,22
1381,15,984,26,4.5,0,1,33
1382,3,726,52,4.0,0,0,50
1383,6,244,54,4.7,0,1,50
1384,16,766,11,4.4,1,1,23
1385,9,283,39,3.6,0,1,50
1386,10,180,19,3.0,0,1,39
1387,8,730,13,4.4,0,1,40
1388,7,994,39,3.3,1,1,50
1389,20,675,14,2.6,1,1,17
1390,20,543,27,2.9,0,0,23
1391,18,431,25,3.3,0,0,26
1392,18,224,36,3.4,0,0,32
1393,4,926,21,3.3,0,1,50
1394,10,284,13,4.2,0,0,36
1395,9,849,20,3.0,0,1,42
1396,12,471,60,4.7,1,1,50
1397,12,711,60,3.0,1,1,50
1398,11,434,24,3.2,0,1,40
1399,11,974,2,4.6,0,1,29
1400,20,399,38,3.2,1,0,29
1401,17,584,40,3.0,0,1,36
1402,16,221,41,2.8,0,1,38
1403,8,906,9,4.6,1,0,38
1404,15,144,3,3.3,1,1,21
1405,6,521,7,4.5,1,1,41
1406,13,356,59,3.2,0,0,50
1407,12,674,2,2.7,0,1,27
1408,11,602,23,4.7,0,0,39
1409,19,472,2,3.0,1,1,13
1410,1,432,14,4.5,0,1,50
1411,19,913,57,3.7,0,1,40
1412,1,327,52,4.4,0,0,50
1413,14,294,20,3.8,0,1,32
1414,5,339,55,4.0,1,1,50
1415,10,271,42,3.6,0,1,50
1416,20,235,40,4.7,1,0,30
1417,17,478,45,4.7,0,0,38
1418,12,235,14,3.8,1,1,33
1419,4,646,39,2.6,0,1,50
1420,19,870,47,4.4,0,0,35
1421,4,980,7,3.4,0,1,45
1422,18,465,7,4.4,1,1,17
1423,18,263,47,2.8,1,1,37
1424,8,353,14,3.4,0,1,41
1425,1,565,48,4.7,1,1,50
1426,19,367,49,3.7,0,1,36
1427,12,917,43,4.1,0,1,47
1428,19,147,53,2.7,1,1,38
1429,1,165,1,4.3,1,1,48
1430,2,842,51,3.9,0,0,50
1431,1,140,52,4.7,1,1,50
1432,20,375,59,3.1,0,0,39
1433,5,631,25,4.1,1,0,50
1434,16,153,44,3.0,1,0,40
1435,5,359,31,2.9,1,0,50
1436,13,792,13,3.8,0,1,30
1437,9,228,28,3.1,0,0,46
1438,5,476,11,4.6,1,0,45
1439,14,696,37,3.7,0,1,40
1440,20,794,57,3.0,0,1,38
1441,4,496,37,2.7,1,1,50
1442,19,599,30,3.2,1,0,27
1443,11,201,5,3.8,1,1,30
1444,10,279,22,3.6,1,1,41
1445,13,437,37,3.5,1,0,42
1446,18,161,59,3.6,1,1,43
1447,19,989,36,4.3,0,1,30
1448,14,309,31,3.7,1,0,37
1449,9,856,49,4.2,1,0,50
1450,12,607,47,3.7,0,0,49
1451,4,249,17,2.8,1,0,50
1452,15,668,32,4.3,0,1,36
1453,9,539,47,2.8,0,0,50
1454,8,298,19,2.7,0,0,43
1455,2,734,14,3.1,1,0,50
1456,8,451,27,2.7,1,0,47
1457,18,530,32,2.5,1,0,30
1458,11,253,12,3.3,0,1,34
1459,11,566,31,3.3,0,1,43
1460,13,406,55,3.5,0,1,50
1461,1,917,55,3.2,1,0,50
1462,17,252,40,3.6,1,0,36
1463,1,178,29,3.4,1,0,50
1464,16,687,39,3.4,1,1,37
1465,19,644,15,3.0,0,1,19
1466,5,369,23,4.0,1,1,50
1467,18,808,41,3.9,1,1,34
1468,20,533,32,2.9,0,1,26
1469,13,679,23,4.8,1,1,35
1470,19,315,35,2.7,1,1,29
1471,8,981,49,4.2,0,0,50
1472,12,409,22,3.0,0,1,37
1473,2,379,2,4.1,1,0,47
1474,7,897,27,5.0,1,1,49
1475,11,598,59,4.5,0,0,50
1476,11,708,46,4.4,0,0,50
1477,19,359,47,4.6,0,1,35
1478,19,881,51,4.9,0,1,37
1479,9,781,37,3.6,0,1,50
1480,17,434,47,2.6,1,1,39
1481,9,552,20,3.8,0,1,42
1482,18,912,41,3.9,1,0,34
1483,3,478,59,4.0,1,1,50
1484,18,692,32,3.4,0,1,30
1485,5,412,40,3.0,1,0,50
1486,10,462,25,4.6,0,0,42
1487,13,850,36,4.9,1,0,42
1488,13,857,43,3.9,0,0,45
1489,17,425,18,3.5,0,0,25
1490,6,366,17,3.6,1,0,46
1491,9,701,38,4.9,1,0,50
1492,3,451,45,3.8,1,0,50
1493,13,119,19,4.2,1,0,33
1494,15,938,41,3.7,0,1,40
1495,5,492,32,3.9,0,0,50
1496,6,738,17,4.5,0,0,46
1497,2,573,13,4.7,1,0,50
1498,5,832,22,2.8,1,0,50
1499,2,810,27,3.5,0,1,50
1500,3,536,36,3.1,0,0,50
1501,2,925,47,2.7,0,1,50
1502,10,760,37,4.3,0,1,48
1503,2,101,27,4.0,0,0,50
1504,16,704,37,4.8,0,1,36
1505,12,448,19,3.1,0,1,35
1506,3,781,33,4.1,1,1,50
1507,14,253,48,4.3,0,1,46
1508,17,518,33,4.1,0,1,32
1509,4,187,41,3.9,0,1,50
1510,3,596,50,3.6,0,0,50
1511,19,640,35,4.9,1,1,29
1512,11,959,2,4.7,0,1,29
1513,8,210,53,2.6,0,0,50
1514,8,331,54,2.7,1,0,50
1515,2,473,31,4.7,0,1,50
1516,6,697,47,2.6,0,1,50
1517,19,188,51,4.6,0,1,37
1518,9,824,37,4.5,0,0,50
1519,15,442,54,4.3,0,1,47
1520,10,384,17,4.4,1,0,38
1521,9,892,57,3.6,1,0,50
1522,17,596,34,4.8,0,0,33
1523,4,472,55,4.7,0,0,50
1524,16,849,12,3.5,0,0,24
1525,18,330,54,3.1,1,1,41
1526,11,347,48,3.2,1,0,50
1527,11,109,40,4.6,1,0,48
1528,19,353,42,3.6,0,1,33
1529,16,750,28,2.7,1,0,32
1530,4,923,20,3.0,0,1,50
1531,8,198,8,2.7,1,1,38
1532,19,459,4,4.1,0,1,14
1533,12,944,47,3.9,1,1,49
1534,6,771,2,4.2,1,1,39
1535,1,144,12,3.4,0,1,50
1536,7,531,29,3.8,0,1,50
1537,3,485,47,3.7,0,0,50
1538,15,613,3,4.2,1,1,21
1539,20,481,27,4.4,1,1,23
1540,10,435,20,3.8,1,0,40
1541,5,598,60,2.8,0,1,50
1542,13,722,45,3.2,0,1,46
1543,11,406,47,3.3,1,1,50
1544,14,475,8,4.4,1,0,26
1545,6,995,3,3.6,1,0,39
1546,16,494,30,4.6,0,0,33
1547,7,656,20,2.6,0,1,46
1548,18,744,15,4.8,0,1,21
1549,5,344,34,3.8,0,1,50
1550,7,442,57,3.6,0,0,50
1551,11,924,33,3.2,1,1,44
1552,18,380,25,4.1,0,0,26
1553,12,346,56,4.4,0,1,50
1554,17,796,25,3.1,0,1,28
1555,14,714,1,4.9,1,1,22
1556,2,403,8,2.8,1,1,50
1557,18,868,14,2.9,1,1,21
1558,19,996,44,4.4,0,1,34
1559,15,791,26,4.6,1,1,33
1560,20,215,28,3.9,1,1,24
1561,1,290,1,2.6,1,1,48
1562,18,721,15,3.6,0,1,21
1563,11,446,47,3.5,1,0,50
1564,11,482,26,4.6,1,0,41
1565,10,114,4,3.0,0,1,32
1566,14,159,4,4.1,0,1,24
1567,5,158,49,3.6,1,1,50
1568,17,359,52,4.5,1,0,42
1569,3,892,12,3.6,0,1,50
1570,16,105,11,5.0,1,1,23
1571,14,437,52,4.2,1,1,48
1572,17,739,13,3.1,1,0,22
1573,1,117,46,2.9,0,0,50
1574,16,504,16,3.3,1,1,26
1575,16,525,5,3.6,1,1,20
1576,15,294,23,4.3,1,0,31
1577,4,804,35,4.3,1,0,50
1578,20,449,55,3.5,0,0,37
1579,12,517,53,3.4,0,0,50
1580,6,770,18,4.8,0,0,47
1581,7,213,16,4.9,0,1,44
1582,18,670,45,3.0,0,0,36
1583,5,216,56,4.1,0,1,50
1584,7,795,6,4.4,0,1,39
1585,5,272,12,3.4,0,0,46
1586,5,253,48,4.6,0,0,50
1587,11,218,52,4.8,0,0,50
1588,12,211,24,3.9,0,1,38
1589,17,810,46,3.5,1,1,39
1590,16,552,19,3.6,0,0,27
1591,6,245,47,2.9,1,0,50
1592,8,608,38,3.1,1,1,50
1593,19,456,38,4.2,1,0,31
1594,1,912,21,4.0,0,1,50
1595,4,192,12,4.6,1,1,48
1596,9,178,60,4.9,1,0,50
1597,10,224,11,4.5,0,0,35
1598,4,908,38,4.7,1,0,50
1599,1,329,52,5.0,0,1,50
1600,18,206,50,2.7,1,1,39
1601,19,594,25,2.7,0,1,24
1602,6,465,59,3.5,1,1,50
1603,15,632,2,4.6,0,1,21
1604,11,711,37,2.5,1,0,46
1605,20,338,39,2.8,0,1,29
1606,10,789,6,3.8,0,1,33
1607,13,821,11,3.6,0,0,29
1608,10,305,36,4.8,0,0,48
1609,20,551,33,3.0,1,1,26
1610,12,380,44,3.7,1,0,48
1611,4,733,33,4.5,0,0,50
1612,2,545,31,3.6,0,1,50
1613,19,101,38,3.7,1,1,31
1614,13,804,50,3.8,1,1,49
1615,6,209,51,2.6,0,1,50
1616,19,452,44,4.5,1,0,34
1617,8,207,13,4.8,0,0,40
1618,14,973,1,2.7,0,1,22
1619,3,276,8,2.5,0,1,48
1620,17,725,27,4.1,0,1,29
1621,2,243,42,3.5,1,1,50
1622,19,793,28,4.3,0,0,26
1623,19,281,1,3.4,0,0,12
1624,16,995,2,4.6,1,1,19
1625,14,640,7,4.0,0,1,25
1626,1,238,32,4.9,1,0,50
1627,18,803,23,3.9,1,0,25
1628,8,780,60,3.9,0,1,50
1629,12,111,8,3.4,0,1,30
1630,8,100,3,2.6,0,1,35
1631,12,847,3,4.9,0,1,27
1632,14,415,4,3.0,1,1,24
1633,4,163,52,3.6,1,1,50
1634,13,971,34,4.9,1,1,41
1635,13,237,46,4.4,1,0,47
1636,14,110,10,4.7,0,0,27
1637,3,642,3,4.6,1,0,45
1638,13,502,18,3.4,0,1,33
1639,7,941,38,2.5,1,1,50
1640,13,191,23,5.0,1,0,35
1641,4,360,54,2.7,0,0,50
1642,9,659,25,4.9,0,0,44
1643,2,749,43,4.7,1,1,50
1644,17,168,3,3.4,0,1,17
1645,19,349,10,3.8,1,0,17
1646,1,528,54,3.8,1,0,50
1647,20,239,52,3.7,0,1,36
1648,1,999,2,3.8,0,1,49
1649,11,379,33,3.8,1,0,44
1650,14,326,38,3.4,0,1,41
1651,5,509,23,4.2,0,0,50
1652,19,299,10,4.0,0,0,17
1653,6,143,21,2.8,0,1,48
1654,6,924,9,2.5,1,0,42
1655,3,603,50,4.2,0,1,50
1656,11,430,31,3.0,0,0,43
1657,1,372,2,2.9,1,1,49
1658,20,156,11,3.4,1,1,15
1659,19,863,58,2.8,0,0,41
1660,6,617,45,3.9,1,1,50
1661,12,438,5,3.8,0,1,28
1662,20,584,14,4.3,1,1,17
1663,7,596,39,3.6,0,1,50
1664,4,255,40,4.4,0,1,50
1665,1,846,43,3.2,0,0,50
1666,1,417,51,4.0,1,1,50
1667,18,994,44,3.0,1,0,36
1668,16,692,39,2.9,0,0,37
1669,7,597,17,3.0,1,0,44
1670,4,615,15,4.5,0,0,49
1671,1,564,55,4.4,0,1,50
1672,3,916,3,4.4,1,0,45
1673,13,733,5,3.9,0,1,26
1674,12,275,52,2.8,1,1,50
1675,9,988,15,2.6,0,0,39
1676,18,277,55,4.6,1,0,41
1677,18,877,3,4.2,0,1,15
1678,3,560,28,2.9,0,0,50
1679,4,851,27,4.2,1,1,50
1680,13,930,48,3.7,0,0,48
1681,17,670,25,4.9,0,0,28
1682,12,520,59,4.1,0,0,50
1683,1,665,53,3.7,1,1,50
1684,10,401,8,4.4,1,0,34
1685,15,765,19,4.0,1,0,29
1686,10,593,8,2.9,0,1,34
1687,14,437,54,3.3,0,1,49
1688,13,181,60,3.5,1,0,50
1689,8,573,18,5.0,0,0,43
1690,19,682,24,2.6,1,0,24
1691,14,436,50,4.9,1,1,47
1692,4,357,25,3.5,0,0,50
1693,14,514,7,4.1,1,0,25
1694,18,477,48,2.9,0,1,38
1695,12,108,10,3.0,1,0,31
1696,13,438,37,3.3,1,0,42
1697,17,823,48,2.6,0,0,40
1698,9,434,19,2.9,0,1,41
1699,17,203,22,4.7,1,1,27
1700,10,931,33,3.6,0,1,46
1701,7,965,21,3.7,1,0,46
1702,3,629,53,4.4,1,1,50
1703,10,879,45,4.6,1,1,50
1704,10,284,13,4.8,0,0,36
1705,11,826,27,3.0,1,0,41
1706,17,629,6,5.0,1,1,19
1707,2,284,18,4.5,1,1,50
1708,13,383,50,4.1,0,0,49
1709,12,951,39,4.1,0,1,45
1710,13,507,58,4.5,1,1,50
1711,4,554,58,3.7,1,0,50
1712,13,431,54,3.1,1,0,50
1713,3,887,41,3.8,1,1,50
1714,1,464,33,3.0,1,0,50
1715,1,302,16,2.6,1,1,50
1716,10,506,13,2.8,0,0,36
1717,20,641,3,2.5,0,1,11
1718,3,954,49,3.4,0,0,50
1719,6,720,37,2.6,0,1,50
1720,19,578,41,3.5,1,0,32
1721,10,315,43,3.1,0,0,50
1722,18,807,9,2.9,1,1,18
1723,20,576,41,3.1,1,0,30
1724,18,258,9,2.5,0,0,18
1725,5,416,13,4.5,0,0,46
1726,11,272,17,3.1,0,0,36
1727,13,104,41,3.0,0,0,44
1728,16,112,26,3.8,0,0,31
1729,6,289,44,4.7,1,1,50
1730,17,461,8,2.6,0,1,20
1731,1,548,59,4.8,1,0,50
1732,16,177,9,3.3,0,1,22
1733,16,610,47,3.8,1,0,41
1734,11,220,58,3.0,1,1,50
1735,4,477,17,3.7,1,0,50
1736,20,138,40,3.9,1,0,30
1737,1,648,38,3.2,1,1,50
1738,4,721,20,2.5,1,1,50
1739,3,868,50,4.3,1,1,50
1740,5,826,30,3.9,0,1,50
1741,10,673,1,3.1,0,1,30
1742,4,439,6,4.1,0,0,45
1743,2,839,3,3.3,0,0,47
1744,15,453,36,4.5,0,1,38
1745,15,596,8,4.5,0,1,24
1746,10,584,45,2.8,0,1,50
1747,16,987,57,3.8,1,0,46
1748,19,906,8,3.8,1,1,16
1749,1,488,56,4.8,1,0,50
1750,9,478,55,4.7,0,1,50
1751,3,687,33,4.1,1,0,50
1752,15,809,40,3.8,1,1,40
1753,17,437,36,3.5,0,1,34
1754,10,521,5,3.8,0,1,32
1755,17,593,26,4.8,0,0,29
1756,14,714,58,4.0,1,1,50
1757,17,109,45,4.1,0,0,38
1758,10,753,39,2.8,1,1,49
1759,16,529,17,4.5,1,0,26
1760,1,971,21,4.3,0,0,50
1761,12,664,60,3.5,0,1,50
1762,8,730,48,4.6,1,0,50
1763,8,470,40,4.2,1,0,50
1764,20,969,59,3.1,1,0,39
1765,5,215,27,2.6,1,0,50
1766,1,769,56,4.7,0,1,50
1767,4,945,42,4.9,1,0,50
1768,6,395,6,3.7,0,1,41
1769,14,758,30,3.4,0,0,37
1770,6,552,19,4.2,1,1,47
1771,8,437,29,4.5,1,0,48
1772,8,391,12,4.5,0,0,40
1773,19,597,47,4.4,1,0,35
1774,3,914,15,2.5,0,1,50
1775,15,779,33,3.5,1,1,36
1776,6,617,6,4.4,1,0,41
1777,19,235,27,3.6,0,0,25
1778,12,987,4,4.1,1,1,28
1779,10,704,40,2.9,0,0,50
1780,9,763,45,4.6,1,1,50
1781,7,300,28,4.6,0,1,50
1782,18,541,33,3.8,0,0,30
1783,11,696,12,3.0,0,0,34
1784,7,628,50,4.3,0,0,50
1785,13,188,59,4.2,0,0,50
1786,3,744,59,4.0,1,0,50
1787,7,885,36,3.6,1,1,50
1788,1,214,15,3.9,1,1,50
1789,16,569,39,4.5,1,1,37
1790,20,238,33,3.9,1,1,26
1791,6,682,28,4.7,0,0,50
1792,6,529,11,4.2,1,0,43
1793,1,992,56,2.9,0,1,50
1794,15,209,8,2.7,1,0,24
1795,20,217,49,2.5,0,1,34
1796,17,162,44,3.9,1,0,38
1797,6,396,42,4.6,0,0,50
1798,19,373,19,4.2,0,1,21
1799,7,719,32,4.5,0,0,50
1800,10,244,47,4.6,1,1,50
1801,5,176,8,3.5,1,0,44
1802,18,666,59,4.1,1,1,43
1803,20,402,58,3.5,0,0,39
1804,15,789,42,3.5,0,0,41
1805,14,796,45,3.8,1,1,44
1806,4,143,52,3.2,0,1,50
1807,16,760,13,4.5,1,0,24
1808,8,451,39,4.2,1,0,50
1809,3,445,17,4.1,0,0,50
1810,19,607,59,2.7,0,0,41
1811,3,870,48,2.9,1,1,50
1812,1,198,30,2.9,1,1,50
1813,15,447,20,5.0,0,0,30
1814,5,344,22,3.3,0,1,50
1815,3,807,15,4.7,0,1,50
1816,15,161,57,2.9,0,1,48
1817,10,322,9,4.8,0,1,34
1818,5,403,44,3.5,0,1,50
1819,16,929,17,3.3,1,0,26
1820,11,266,43,3.4,1,0,49
1821,6,751,9,4.7,0,1,42
1822,19,509,2,2.9,1,1,13
1823,8,909,8,2.8,0,0,38
1824,5,826,9,2.9,1,1,44
1825,15,761,42,2.5,1,1,41
1826,17,110,20,3.8,0,0,26
1827,7,935,50,3.2,0,0,50
1828,10,954,41,3.8,0,1,50
1829,16,428,14,3.4,1,0,25
1830,14,421,51,4.7,1,0,47
1831,10,208,49,2.7,1,1,50
1832,17,329,46,4.0,0,1,39
1833,12,400,16,3.3,1,0,34
1834,9,375,43,4.4,0,0,50
1835,12,340,37,3.2,1,1,44
1836,19,527,55,4.6,0,1,39
1837,20,746,5,4.0,0,1,12
1838,15,681,44,3.3,0,0,42
1839,5,879,20,4.1,1,1,50
1840,11,315,29,4.5,0,1,42
1841,7,680,55,4.9,1,0,50
1842,1,933,13,3.9,0,0,50
1843,3,767,41,4.9,1,0,50
1844,16,401,1,3.9,1,1,18
1845,1,173,16,4.5,1,0,50
1846,15,518,40,3.3,1,1,40
1847,4,933,8,3.4,0,1,46
1848,7,490,8,3.3,1,1,40
1849,20,427,23,3.4,0,0,21
1850,13,343,3,2.7,1,1,25
1851,4,889,30,3.4,0,1,50
1852,12,654,58,4.6,0,0,50
1853,7,541,36,4.2,0,0,50
1854,3,866,12,4.2,1,1,50
1855,16,294,12,2.5,1,0,24
1856,6,814,46,4.0,1,0,50
1857,20,662,33,2.9,1,0,26
1858,17,146,10,3.4,1,1,21
1859,18,309,9,5.0,0,1,18
1860,15,668,49,3.4,0,0,44
1861,1,176,22,4.5,0,0,50
1862,20,489,42,3.4,1,1,31
1863,19,859,51,3.5,1,1,37
1864,1,845,36,3.2,0,1,50
1865,10,290,36,2.6,1,0,48
1866,18,345,9,2.6,1,0,18
1867,11,517,43,4.8,1,1,49
1868,1,146,59,4.9,0,0,50
1869,16,113,39,4.4,0,1,37
1870,12,958,27,3.6,1,0,39
1871,4,474,56,4.4,1,0,50
1872,14,514,28,4.8,0,0,36
1873,2,688,21,4.6,0,0,50
1874,12,531,27,4.0,1,1,39
1875,19,160,6,4.3,1,0,15
1876,16,886,37,3.8,0,0,36
1877,5,626,28,3.2,0,1,50
1878,2,904,46,3.5,1,0,50
1879,16,232,11,3.9,0,1,23
1880,11,412,56,3.2,1,0,50
1881,14,775,16,3.7,0,1,30
1882,6,559,54,2.6,0,1,50
1883,13,331,21,4.3,1,1,34
1884,2,749,43,3.1,1,0,50
1885,5,455,41,4.7,0,1,50
1886,6,399,22,3.8,0,0,49
1887,14,512,27,4.4,0,0,35
1888,1,748,53,4.9,1,0,50
1889,4,996,47,3.2,0,1,50
1890,8,891,53,4.3,0,1,50
1891,2,808,21,4.1,0,0,50
1892,5,409,22,4.9,0,1,50
1893,15,827,16,3.0,0,1,28
1894,17,541,36,4.4,0,1,34
1895,15,722,36,5.0,0,1,38
1896,10,566,44,3.2,1,1,50
1897,3,421,43,4.2,0,0,50
1898,10,867,18,3.4,1,1,39
1899,20,477,15,3.0,1,1,17
1900,1,573,42,3.5,1,0,50
1901,7,388,60,4.1,0,1,50
1902,3,147,60,4.7,1,1,50
1903,6,126,17,4.7,0,1,46
1904,2,185,36,3.9,0,0,50
1905,9,679,28,3.5,0,0,46
1906,3,548,49,3.7,1,1,50
1907,18,906,40,2.9,1,0,34
1908,18,523,40,3.0,1,1,34
1909,12,954,53,2.8,1,1,50
1910,16,397,27,4.7,1,0,31
1911,11,546,2,3.6,1,1,29
1912,20,550,54,4.9,0,1,37
1913,14,349,5,4.4,0,0,24
1914,13,723,20,4.9,0,1,34
1915,6,289,43,4.6,1,0,50
1916,15,563,29,3.3,1,1,34
1917,11,124,44,3.5,1,1,50
1918,9,162,2,3.3,1,1,33
1919,3,856,47,4.0,0,1,50
1920,9,904,23,4.2,0,1,43
1921,11,421,46,4.4,0,0,50
1922,12,652,58,4.7,0,1,50
1923,13,959,42,2.9,0,1,45
1924,7,546,11,4.7,1,0,41
1925,9,263,39,2.7,1,0,50
1926,19,583,27,4.8,0,1,25
1927,2,240,5,4.1,0,1,48
1928,6,493,40,3.2,0,0,50
1929,8,318,28,2.6,1,1,48
1930,5,721,15,4.2,1,0,47
1931,18,434,48,3.3,0,1,38
1932,2,396,40,3.8,1,0,50
1933,12,952,1,4.7,1,1,26
1934,4,792,56,2.9,0,1,50
1935,1,118,5,3.7,1,0,50
1936,6,238,50,2.8,0,1,50
1937,1,144,33,4.6,1,0,50
1938,4,947,57,3.6,1,1,50
1939,14,131,5,4.9,1,1,24
1940,5,655,45,4.2,1,0,50
1941,3,254,25,3.4,0,0,50
1942,16,348,51,3.9,0,0,43
1943,20,134,41,4.1,0,1,30
1944,4,500,14,2.9,0,1,49
1945,12,267,55,4.4,0,1,50
1946,14,709,34,2.9,0,0,39
1947,1,289,48,2.5,1,0,50
1948,20,753,1,2.9,0,1,10
1949,19,771,29,3.4,1,1,26
1950,1,610,41,3.8,1,1,50
1951,18,262,47,3.0,1,0,37
1952,6,860,34,4.8,0,1,50
1953,12,848,58,3.1,0,1,50
1954,1,396,25,4.4,1,0,50
1955,16,535,3,4.2,0,1,19
1956,6,637,29,2.9,1,1,50
1957,18,677,1,4.1,0,1,14
1958,3,184,8,4.3,0,1,48
1959,6,525,50,3.0,0,1,50
1960,10,542,31,2.8,1,0,45
1961,2,383,18,4.9,0,0,50
1962,12,659,40,2.7,0,1,46
1963,16,219,49,4.7,1,0,42
1964,11,977,54,2.6,0,1,50
1965,17,595,46,3.2,0,1,39
1966,17,252,7,4.6,0,0,19
1967,9,241,7,4.0,0,0,35
1968,2,243,16,4.1,1,1,50
1969,15,474,40,3.8,0,0,40
1970,3,831,40,3.4,0,0,50
1971,16,112,30,2.6,1,1,33
1972,19,285,39,4.8,1,1,31
1973,10,161,50,3.5,0,1,50
1974,18,459,57,4.1,1,1,42
1975,7,682,41,3.8,1,1,50
1976,11,367,43,4.6,0,1,49
1977,5,713,28,3.1,0,1,50
1978,7,978,9,3.0,1,1,40
1979,20,647,11,3.6,0,0,15
1980,2,216,8,3.7,1,1,50
1981,12,232,17,3.6,0,0,34
1982,8,609,31,4.4,1,0,49
1983,11,792,44,3.3,0,1,50
1984,20,717,9,3.2,1,1,14
1985,3,459,10,3.4,1,1,49
1986,4,894,40,3.0,0,0,50
1987,11,887,26,2.6,1,0,41
1988,10,884,2,4.8,1,1,31
1989,1,720,12,4.2,0,0,50
1990,17,445,59,3.7,0,1,45
1991,10,318,31,3.2,0,0,45
1992,11,383,60,3.1,0,0,50
1993,13,856,44,3.3,1,0,46
1994,12,660,20,3.8,1,1,36
1995,12,775,39,4.4,0,1,45
1996,8,651,16,4.0,1,0,42
1997,10,992,7,4.6,0,0,33
1998,7,515,2,4.8,1,1,37
1999,6,1000,18,4.0,0,1,47
2000,2,677,21,3.8,1,0,50
2001,12,448,27,3.4,1,1,39
2002,18,407,40,4.7,0,0,34
2003,3,564,33,4.7,0,1,50
2004,7,932,5,4.5,1,0,38
2005,7,827,2,4.7,0,0,37
2006,14,834,30,4.9,0,0,37
2007,12,257,49,4.0,1,0,50
2008,12,935,7,4.4,1,0,29
2009,14,760,7,4.7,1,0,25
2010,14,180,2,3.9,0,0,23
2011,5,920,2,3.7,1,1,41
2012,15,810,37,3.6,1,1,38
2013,20,172,3,3.7,1,0,11
2014,4,759,11,4.3,1,0,47
2015,18,202,21,2.6,1,1,24
2016,15,215,57,4.9,1,1,48
2017,6,153,32,3.2,1,0,50
2018,6,481,12,3.1,1,1,44
2019,20,161,4,3.0,1,1,12
2020,1,887,8,4.8,1,0,50
2021,15,146,37,2.9,0,1,38
2022,15,647,60,3.1,0,1,50
2023,15,518,55,2.8,1,0,47
2024,2,506,21,3.0,1,1,50
2025,2,395,28,3.9,0,1,50
2026,19,505,8,3.6,1,0,16
2027,9,634,58,4.4,0,1,50
2028,3,104,22,4.4,1,0,50
2029,16,824,19,4.0,0,0,27
2030,20,497,6,4.0,0,1,13
2031,13,328,20,2.7,0,0,34
2032,20,913,14,4.6,0,1,17
2033,20,845,4,4.2,0,1,12
2034,7,534,12,3.0,0,0,42
2035,18,353,41,2.5,1,1,34
2036,12,991,12,3.4,1,0,32
2037,17,219,47,4.2,0,0,39
2038,15,787,48,3.3,0,0,44
2039,5,643,24,5.0,1,1,50
2040,1,929,37,3.0,0,0,50
2041,11,657,10,3.3,1,1,33
2042,10,915,37,3.9,0,1,48
2043,9,135,29,3.1,0,0,46
2044,15,156,52,4.3,1,1,46
2045,3,793,14,2.8,0,0,50
2046,5,142,13,3.6,0,1,46
2047,16,463,19,3.2,0,1,27
2048,16,388,44,3.3,1,0,40
2049,13,146,15,2.9,0,1,31
2050,3,320,20,2.6,0,1,50
2051,15,942,57,4.9,1,0,48
2052,7,539,2,4.8,1,0,37
2053,11,708,9,3.2,0,0,32
2054,10,722,49,2.7,1,1,50
2055,2,778,26,2.9,1,1,50
2056,20,799,17,2.8,1,0,18
2057,12,979,27,2.5,0,0,39
2058,7,563,12,2.6,0,0,42
2059,4,780,13,3.9,1,0,48
2060,4,793,47,4.0,0,1,50
2061,2,745,48,4.0,0,0,50
2062,7,709,26,4.2,1,0,49
2063,5,581,56,3.6,0,1,50
2064,14,510,1,3.9,0,1,22
2065,8,223,7,2.9,1,1,37
2066,11,444,42,3.2,0,1,49
2067,16,888,35,4.4,0,1,35
2068,20,690,12,2.7,1,1,16
2069,10,876,43,4.0,0,0,50
2070,20,500,31,4.7,0,0,25
2071,4,121,41,3.0,0,0,50
2072,9,236,7,2.7,0,0,35
2073,9,153,37,3.7,1,0,50
2074,9,937,17,5.0,0,0,40
2075,6,901,57,4.3,1,0,50
2076,20,673,44,4.2,0,0,32
2077,15,704,39,4.6,1,1,39
2078,12,884,23,4.9,0,0,37
2079,4,452,35,4.1,0,1,50
2080,9,704,47,3.0,1,1,50
2081,11,943,44,4.1,1,1,50
2082,20,832,15,4.7,1,1,17
2083,10,425,35,4.4,1,0,47
2084,9,562,28,4.0,1,0,46
2085,13,740,48,3.4,1,0,48
2086,7,633,21,4.6,1,0,46
2087,5,470,9,4.1,0,1,44
2088,11,393,29,3.5,0,0,42
2089,20,662,12,3.8,0,0,16
2090,6,359,16,4.5,0,1,46
2091,1,630,18,4.4,1,1,50
2092,13,443,20,2.7,0,0,34
2093,5,268,18,2.9,0,1,49
2094,1,770,20,4.4,0,0,50
2095,1,688,43,4.1,1,0,50
2096,10,268,26,3.5,0,0,43
2097,20,155,17,2.6,1,0,18
2098,9,418,41,3.8,0,1,50
2099,4,812,47,3.4,0,0,50
2100,14,985,4,4.0,0,1,24
2101,19,585,55,3.7,0,0,39
2102,19,384,26,4.6,1,0,25
2103,6,797,51,3.8,1,1,50
2104,2,982,38,4.8,0,1,50
2105,2,167,54,4.8,1,0,50
2106,7,687,36,5.0,1,0,50
2107,19,356,44,3.9,0,1,34
2108,10,187,10,3.2,1,0,35
2109,8,345,44,3.6,1,0,50
2110,2,433,16,4.8,1,0,50
2111,14,320,44,2.6,0,0,44
2112,3,717,53,3.9,0,0,50
2113,8,351,34,4.2,0,1,50
2114,20,353,55,5.0,1,0,37
2115,17,881,52,4.1,1,1,42
2116,3,466,23,3.1,1,1,50
2117,6,311,51,4.7,0,1,50
2118,20,831,12,4.0,0,1,16
2119,9,121,42,4.3,1,1,50
2120,14,610,10,3.1,1,1,27
2121,2,120,3,4.7,1,0,47
2122,14,289,8,4.8,1,1,26
2123,4,285,44,3.3,0,0,50
2124,18,377,10,3.5,0,1,19
2125,15,150,10,3.2,0,1,25
2126,1,531,12,4.3,1,0,50
2127,12,527,2,3.0,0,1,27
2128,12,841,6,4.2,0,1,29
2129,6,653,19,4.2,0,1,47
2130,10,486,4,3.0,0,1,32
2131,18,944,35,4.6,1,0,31
2132,16,750,2,3.6,1,1,19
2133,4,200,6,3.6,0,1,45
2134,2,924,12,3.1,0,1,50
2135,6,269,57,4.6,1,1,50
2136,16,110,50,5.0,1,1,43
2137,1,990,28,4.2,0,0,50
2138,8,461,22,3.4,1,0,45
2139,12,550,3,3.1,1,1,27
2140,12,808,16,4.8,1,0,34
2141,1,773,31,3.7,0,1,50
2142,15,358,31,2.5,0,0,35
2143,15,198,28,4.4,0,0,34
2144,3,277,45,4.5,0,0,50
2145,3,117,32,2.9,1,0,50
2146,14,493,42,3.0,1,1,43
2147,16,634,30,2.9,0,1,33
2148,20,197,9,3.2,1,0,14
2149,14,320,14,4.0,0,0,29
2150,2,692,39,3.5,0,0,50
2151,9,796,6,4.5,1,1,35
2152,2,233,16,3.5,0,0,50
2153,7,458,54,3.3,1,1,50
2154,2,421,40,3.1,1,0,50
2155,3,663,4,4.1,0,0,46
2156,3,971,37,3.3,1,0,50
2157,4,447,37,4.9,1,0,50
2158,2,752,44,3.1,1,0,50
2159,18,690,14,5.0,0,1,21
2160,19,791,20,3.6,1,0,22
2161,8,597,13,4.1,1,0,40
2162,14,486,20,4.2,0,0,32
2163,7,524,12,2.7,0,1,42
2164,19,482,56,4.0,0,1,40
2165,11,386,60,3.8,1,0,50
2166,5,623,11,4.0,0,1,45
2167,14,219,59,4.2,0,1,50
2168,13,219,5,3.1,1,0,26
2169,1,471,10,4.6,0,1,50
2170,5,280,4,4.9,1,0,42
2171,2,683,25,4.5,0,1,50
2172,12,793,7,3.2,1,1,29
2173,10,850,6,2.5,1,1,33
2174,17,402,32,4.7,0,1,32
2175,3,712,31,4.7,0,0,50
2176,4,827,41,2.7,1,1,50
2177,4,105,58,4.9,1,1,50
2178,14,864,30,5.0,1,1,37
2179,18,484,49,3.6,1,0,38
2180,15,214,27,4.2,1,0,33
2181,4,215,27,2.9,0,0,50
2182,10,751,31,2.6,1,1,45
2183,18,892,53,3.7,0,0,40
2184,12,986,6,3.6,1,1,29
2185,2,338,36,3.6,1,1,50
2186,18,761,13,4.2,1,0,20
2187,10,490,12,4.2,1,1,36
2188,5,770,47,2.9,1,0,50
2189,19,992,15,3.8,0,1,19
2190,8,563,14,3.6,0,0,41
2191,18,500,18,3.5,1,0,23
2192,18,587,32,3.4,0,0,30
2193,1,737,53,2.8,1,1,50
2194,4,725,49,3.5,1,1,50
2195,20,913,40,4.3,1,1,30
2196,3,217,21,3.4,0,0,50
2197,13,320,48,3.9,1,0,48
2198,15,111,52,3.6,0,0,46
2199,1,286,18,3.7,1,1,50
2200,6,395,13,5.0,1,0,44
2201,16,357,45,4.6,1,1,40
2202,9,785,50,5.0,1,1,50
2203,14,559,51,4.8,1,1,47
2204,2,457,56,3.5,0,0,50
2205,19,910,58,4.0,1,0,41
2206,20,191,56,2.7,1,0,38
2207,1,763,25,4.2,1,1,50
2208,6,884,10,4.8,1,0,43
2209,8,985,29,3.7,1,1,48
2210,4,855,31,4.5,1,1,50
2211,6,910,25,2.6,1,0,50
2212,11,762,53,3.3,0,0,50
2213,8,578,59,4.9,1,0,50
2214,2,876,54,4.7,1,0,50
2215,13,419,29,3.8,1,0,38
2216,14,967,55,4.3,1,0,49
2217,6,795,53,4.5,0,0,50
2218,8,623,46,4.4,1,1,50
2219,12,370,59,3.7,1,1,50
2220,9,476,13,3.6,1,0,38
2221,1,581,14,3.2,1,1,50
2222,19,930,22,3.3,1,1,23
2223,5,853,18,3.8,0,1,49
2224,7,188,53,2.8,0,1,50
2225,3,915,33,3.3,0,1,50
2226,5,203,45,4.8,0,1,50
2227,2,445,50,3.9,0,0,50
2228,1,143,27,4.5,1,0,50
2229,3,804,17,3.8,0,1,50
2230,15,166,2,3.1,0,0,21
2231,15,211,9,4.3,1,1,24
2232,1,899,32,4.7,1,0,50
2233,9,125,16,2.7,0,0,40
2234,18,322,36,3.5,1,0,32
2235,2,499,42,2.7,1,0,50
2236,12,880,8,4.0,1,1,30
2237,16,199,6,3.0,0,1,21
2238,3,488,27,4.5,1,0,50
2239,13,760,60,4.7,1,1,50
2240,16,827,3,4.9,1,1,19
2241,11,851,3,3.2,1,1,29
2242,6,101,32,3.9,0,0,50
2243,15,583,59,3.5,0,0,49
2244,20,594,58,4.1,0,1,39
2245,9,743,26,4.2,1,0,45
2246,20,803,44,2.8,1,0,32
2247,5,985,53,4.1,0,0,50
2248,18,560,34,3.4,0,0,31
2249,3,653,57,4.0,1,0,50
2250,16,323,17,4.3,1,0,26
2251,6,862,7,4.0,1,0,41
2252,7,255,3,2.5,1,1,37
2253,13,154,33,4.1,1,0,40
2254,14,111,59,4.3,0,0,50
2255,20,286,25,4.0,1,1,22
2256,17,610,41,4.3,1,1,36
2257,14,159,28,2.6,1,0,36
2258,6,476,30,4.8,1,1,50
2259,1,203,8,4.3,1,1,50
2260,12,786,26,3.7,0,1,39
2261,19,929,24,2.5,0,1,24
2262,8,422,17,4.6,0,1,42
2263,10,939,44,3.5,1,0,50
2264,6,596,16,3.3,1,0,46
2265,12,565,10,4.9,1,0,31
2266,20,147,7,3.3,1,1,13
2267,8,380,14,4.5,0,0,41
2268,18,690,39,2.6,0,0,33
2269,17,331,39,4.9,1,1,35
2270,17,777,57,3.8,1,0,44
2271,11,580,22,4.0,1,0,39
2272,13,281,35,4.0,1,1,41
2273,4,655,43,4.1,1,1,50
2274,11,875,59,4.9,1,1,50
2275,19,439,26,3.9,1,1,25
2276,2,217,49,3.6,0,0,50
2277,11,427,48,3.1,1,1,50
2278,3,853,44,3.5,1,0,50
2279,3,595,15,3.9,1,1,50
2280,14,418,40,3.2,1,0,42
2281,1,514,6,5.0,0,0,50
2282,12,756,46,3.3,1,1,49
2283,18,728,14,3.9,1,1,21
2284,4,154,4,3.7,0,1,44
2285,17,188,16,3.0,1,1,24
2286,20,921,9,4.4,1,1,14
2287,15,416,23,3.1,1,1,31
2288,7,144,13,4.8,0,0,42
2289,5,275,57,3.3,1,0,50
2290,2,375,2,2.7,1,1,47
2291,6,253,31,4.6,1,0,50
2292,2,367,50,2.7,1,1,50
2293,5,611,44,3.9,1,1,50
2294,5,646,59,2.7,0,1,50
2295,3,224,52,5.0,1,0,50
2296,15,964,44,2.8,1,0,42
2297,15,228,58,2.6,0,0,49
2298,5,790,16,4.6,1,0,48
2299,19,914,22,4.9,1,0,23
2300,14,883,30,3.2,0,1,37
2301,13,886,26,3.8,0,1,37
2302,4,289,29,4.1,0,1,50
2303,10,487,11,2.9,1,1,35
2304,4,487,40,4.5,1,1,50
2305,13,932,60,2.9,1,1,50
2306,1,845,26,2.6,0,0,50
2307,7,837,54,4.4,0,0,50
2308,11,409,10,4.1,0,0,33
2309,15,641,43,3.7,0,0,41
2310,17,766,4,4.5,0,1,18
2311,6,265,6,4.3,0,0,41
2312,5,409,39,2.8,1,0,50
2313,12,439,38,3.7,1,1,45
2314,13,242,39,2.5,0,1,43
2315,16,161,18,4.1,0,0,27
2316,10,251,10,3.9,1,1,35
2317,19,764,53,3.7,0,1,38
2318,15,170,33,2.9,1,0,36
2319,9,400,31,4.6,1,0,47
2320,14,176,11,4.8,1,1,27
2321,8,920,49,3.2,1,1,50
2322,4,536,48,3.4,0,1,50
2323,1,735,42,3.0,1,1,50
2324,19,357,57,3.2,0,0,40
2325,4,563,8,2.7,0,0,46
2326,4,834,34,3.6,0,0,50
2327,18,284,11,3.8,0,0,19
2328,15,307,56,3.7,1,1,48
2329,17,270,49,3.2,0,1,40
2330,20,762,37,4.3,0,0,28
2331,12,109,8,4.5,1,0,30
2332,7,780,41,4.4,1,0,50
2333,10,650,42,3.9,0,0,50
2334,5,189,58,4.1,1,0,50
2335,20,814,31,4.0,0,1,25
2336,13,135,23,4.9,0,0,35
2337,6,129,35,3.9,0,1,50
2338,15,677,20,4.2,1,1,30
2339,1,916,49,3.7,0,1,50
2340,4,128,56,4.6,1,1,50
2341,7,528,24,3.2,1,0,48
2342,6,788,34,4.6,0,1,50
2343,1,499,10,2.6,0,1,50
2344,8,731,59,4.8,1,1,50
2345,13,655,32,3.1,0,0,40
2346,7,847,47,5.0,0,1,50
2347,11,160,55,3.4,1,0,50
2348,13,593,57,4.1,1,0,50
2349,10,329,55,4.9,1,1,50
2350,19,935,22,3.4,1,1,23
2351,7,149,5,4.9,0,1,38
2352,18,219,10,3.6,1,0,19
2353,5,246,30,4.5,0,0,50
2354,14,842,55,2.9,1,0,49
2355,11,966,31,2.6,1,0,43
2356,8,485,32,2.6,0,0,50
2357,19,458,6,4.5,1,1,15
2358,9,637,49,4.1,0,1,50
2359,16,235,41,3.9,0,0,38
2360,4,376,23,3.3,1,0,50
2361,2,939,27,4.6,0,0,50
2362,15,770,53,2.6,1,1,46
2363,13,912,35,4.8,1,1,41
2364,15,367,3,2.5,0,1,21
2365,17,747,50,4.5,1,1,41
2366,3,584,8,4.9,0,1,48
2367,6,958,31,4.0,0,1,50
2368,9,480,34,4.6,0,1,49
2369,17,622,2,2.7,1,1,17
2370,8,793,39,4.6,1,0,50
2371,11,795,58,4.8,0,1,50
2372,7,524,19,4.9,1,0,45
2373,19,953,45,2.9,1,1,34
2374,9,560,11,3.1,0,1,37
2375,14,232,56,3.1,1,1,50
2376,14,981,56,3.0,1,1,50
2377,11,869,26,3.3,1,1,41
2378,15,161,33,4.3,0,1,36
2379,18,310,11,4.7,1,1,19
2380,12,303,33,3.8,1,0,42
2381,7,454,17,2.5,0,0,44
2382,9,500,17,2.5,1,1,40
2383,5,805,48,4.4,1,1,50
2384,10,239,51,2.9,0,1,50
2385,18,748,20,3.5,1,0,24
2386,2,234,51,4.0,1,0,50
2387,18,162,36,3.2,1,0,32
2388,10,376,35,3.2,0,0,47
2389,11,342,49,2.7,1,1,50
2390,6,805,43,3.0,0,0,50
2391,18,807,46,4.1,0,1,37
2392,5,356,51,3.5,0,1,50
2393,6,273,49,2.9,1,0,50
2394,5,373,46,2.6,0,1,50
2395,12,537,49,3.3,0,1,50
2396,3,923,16,4.8,1,0,50
2397,15,545,34,3.6,0,0,37
2398,5,944,46,2.8,1,1,50
2399,8,312,29,3.5,1,0,48
2400,14,582,48,3.2,1,1,46
2401,6,902,15,4.8,1,0,45
2402,16,479,43,4.3,0,0,39
2403,16,516,14,3.6,1,1,25
2404,5,913,1,3.5,0,0,40
2405,13,199,46,4.7,0,1,47
2406,14,983,15,2.9,1,1,29
2407,14,879,7,2.9,1,0,25
2408,12,861,59,4.3,0,0,50
2409,13,304,1,4.2,1,0,24
2410,18,797,30,3.0,0,1,29
2411,6,704,38,4.4,0,1,50
2412,8,980,50,2.9,0,1,50
2413,8,710,60,3.0,0,0,50
2414,4,403,30,3.1,1,1,50
2415,13,115,13,4.8,1,1,30
2416,6,957,26,4.2,0,0,50
2417,3,711,35,3.4,0,1,50
2418,11,511,47,2.7,1,0,50
2419,20,209,11,5.0,1,0,15
2420,12,728,25,4.2,0,1,38
2421,20,344,20,4.9,0,1,20
2422,17,590,17,4.5,0,1,24
2423,6,587,47,3.2,0,1,50
2424,1,848,33,4.1,0,0,50
2425,3,598,36,4.3,0,1,50
2426,7,159,46,4.4,1,0,50
2427,9,550,1,3.1,0,1,32
2428,3,977,34,4.5,0,1,50
2429,18,390,26,2.9,1,0,27
2430,7,241,15,3.8,0,1,43
2431,11,634,22,4.5,1,1,39
2432,2,595,57,2.7,1,1,50
2433,2,397,30,4.4,1,1,50
2434,6,837,33,2.6,0,1,50
2435,18,209,60,3.6,1,1,44
2436,1,977,51,4.4,1,0,50
2437,12,650,18,3.4,0,1,35
2438,18,255,19,2.8,1,0,23
2439,16,975,13,4.6,1,0,24
2440,3,832,33,3.5,1,1,50
2441,14,798,56,3.4,0,0,50
2442,9,488,60,3.5,0,1,50
2443,8,117,58,4.1,0,1,50
2444,1,906,45,5.0,1,0,50
2445,1,649,58,3.3,0,0,50
2446,4,919,33,3.7,0,1,50
2447,7,376,34,3.9,1,1,50
2448,13,870,20,4.2,0,0,34
2449,2,516,35,3.7,1,0,50
2450,16,669,15,3.2,0,0,25
2451,11,583,14,3.1,0,0,35
2452,5,226,36,2.7,0,1,50
2453,19,569,34,3.3,1,1,29
2454,7,377,48,4.7,0,0,50
2455,4,354,58,2.7,0,1,50
2456,7,188,13,3.6,0,1,42
2457,13,778,36,2.9,0,1,42
2458,13,786,12,4.6,0,1,30
2459,19,255,48,3.1,1,1,36
2460,1,556,9,4.4,1,0,50
2461,5,391,31,5.0,1,0,50
2462,18,253,38,4.2,0,0,33
2463,19,872,17,3.3,1,0,20
2464,8,988,52,3.0,1,0,50
2465,2,519,15,4.1,0,1,50
2466,1,306,25,2.6,1,0,50
2467,16,242,57,4.1,0,0,46
2468,7,499,10,4.0,1,1,41
2469,10,352,16,3.6,1,0,38
2470,8,897,23,4.5,0,0,45
2471,4,290,26,4.5,0,0,50
2472,7,450,48,3.1,0,1,50
2473,3,732,25,4.8,0,1,50
2474,14,373,55,2.8,1,1,49
2475,17,142,28,3.8,0,1,30
2476,9,673,23,5.0,1,0,43
2477,16,918,39,2.5,1,0,37
2478,2,901,12,3.5,1,0,50
2479,10,879,36,4.5,1,0,48
2480,3,691,37,4.0,1,1,50
2481,2,147,9,3.2,0,1,50
2482,18,185,57,4.2,1,1,42
2483,19,504,15,2.5,0,1,19
2484,5,634,34,3.0,1,0,50
2485,13,878,20,4.6,0,0,34
2486,19,365,16,2.7,1,0,20
2487,8,487,37,2.9,1,1,50
2488,5,829,43,4.8,1,1,50
2489,18,687,20,3.5,0,1,24
2490,9,925,55,2.6,1,0,50
2491,8,827,21,3.6,0,1,44
2492,3,335,18,2.7,1,1,50
2493,12,753,21,3.5,1,1,36
2494,4,159,22,4.9,1,0,50
2495,8,847,34,4.0,0,0,50
2496,11,414,58,2.9,0,1,50
2497,13,829,1,2.8,0,1,24
2498,10,599,28,3.4,0,0,44
2499,20,224,24,3.8,0,1,22
2500,18,666,32,3.1,0,0,30
2501,6,730,14,2.8,1,0,45
2502,7,317,51,3.4,1,1,50
2503,18,937,16,4.9,0,0,22
2504,9,993,56,3.2,0,0,50
2505,18,121,40,3.5,1,0,34
2506,9,852,34,4.2,0,1,49
2507,19,181,57,3.8,1,1,40
2508,4,457,48,4.7,0,1,50
2509,4,391,17,4.1,0,0,50
2510,2,818,9,2.8,0,1,50
2511,18,823,50,4.9,1,0,39
2512,11,155,36,3.8,0,0,46
2513,6,484,57,2.8,0,1,50
2514,6,944,19,4.2,1,0,47
2515,5,565,8,4.4,1,1,44
2516,14,207,40,4.7,1,1,42
2517,12,142,36,4.9,1,0,44
2518,10,733,17,4.4,1,1,38
2519,3,550,56,2.7,0,1,50
2520,2,392,41,3.8,1,0,50
2521,19,302,18,2.6,0,1,21
2522,15,685,1,2.8,1,1,20
2523,7,278,56,3.6,1,1,50
2524,12,229,26,4.1,0,1,39
2525,1,125,30,3.3,0,0,50
2526,12,752,5,4.2,0,1,28
2527,15,563,47,2.8,0,0,43
2528,16,939,12,4.1,1,0,24
2529,18,869,1,2.6,0,1,14
2530,12,472,33,3.8,0,0,42
2531,11,745,30,3.4,0,0,43
2532,5,541,32,2.7,0,1,50
2533,15,414,21,3.5,0,1,30
2534,9,875,20,4.2,1,0,42
2535,14,442,47,4.2,1,1,45
2536,12,603,1,2.7,1,1,26
2537,7,693,34,3.0,0,1,50
2538,11,550,13,4.6,0,0,34
2539,4,944,13,4.0,0,0,48
2540,6,927,8,4.2,0,0,42
2541,1,276,7,4.3,0,0,50
2542,6,845,50,4.1,0,1,50
2543,19,801,23,3.5,1,1,23
2544,17,265,10,4.5,1,1,21
2545,17,938,48,3.3,0,0,40
2546,19,332,56,3.2,0,0,40
2547,3,709,26,4.0,1,0,50
2548,18,498,59,3.7,1,1,43
2549,12,231,34,3.4,0,0,43
2550,18,795,36,3.7,1,0,32
2551,11,719,50,4.7,0,0,50
2552,20,762,1,4.0,0,1,10
2553,4,612,6,4.5,0,1,45
2554,8,568,50,4.4,1,1,50
2555,6,360,57,4.9,0,0,50
2556,13,464,6,2.7,0,1,27
2557,16,128,24,4.6,0,0,30
2558,13,351,36,4.2,0,1,42
2559,19,801,14,4.0,1,0,19
2560,14,817,24,3.5,1,0,34
2561,10,589,32,3.3,1,0,46
2562,9,138,55,3.2,1,1,50
2563,4,244,21,4.7,1,1,50
2564,3,383,25,2.9,1,0,50
2565,9,888,27,4.0,1,1,45
2566,8,960,6,4.9,1,0,37
2567,2,314,4,3.8,1,1,48
2568,17,733,34,3.0,0,1,33
2569,11,467,5,3.5,1,1,30
2570,18,918,6,3.1,1,1,17
2571,8,389,3,2.9,1,1,35
2572,7,648,18,4.3,0,1,45
2573,17,257,31,3.8,1,1,31
2574,15,632,43,2.7,0,0,41
2575,10,928,59,4.3,0,0,50
2576,8,823,37,4.8,0,0,50
2577,17,998,40,3.0,1,0,36
2578,11,506,40,4.1,1,0,48
2579,18,668,23,4.7,0,0,25
2580,13,636,51,3.6,0,0,49
2581,13,569,51,4.5,1,0,49
2582,5,233,20,4.9,1,0,50
2583,14,374,32,3.2,0,0,38
2584,16,139,19,3.2,1,0,27
2585,11,379,4,2.8,0,0,30
2586,7,472,43,4.4,1,1,50
2587,1,616,58,3.0,0,0,50
2588,4,517,56,4.0,0,0,50
2589,17,292,35,4.8,0,0,33
2590,1,745,27,4.8,0,1,50
2591,8,189,7,3.7,1,1,37
2592,18,416,39,4.1,1,1,33
2593,14,792,4,4.5,1,1,24
2594,2,407,46,4.8,0,1,50
2595,10,885,18,3.1,1,0,39
2596,6,722,57,2.7,0,0,50
2597,5,371,47,4.5,0,1,50
2598,4,100,22,3.5,0,1,50
2599,5,696,49,4.9,0,0,50
2600,2,305,20,2.9,1,1,50
2601,18,501,55,4.6,0,0,41
2602,7,469,51,2.8,0,1,50
2603,1,885,36,3.7,0,0,50
2604,14,664,3,3.1,1,1,23
2605,6,568,35,2.5,0,0,50
2606,9,735,58,3.9,1,1,50
2607,7,918,12,3.2,1,0,42
2608,1,478,39,3.0,1,0,50
2609,16,924,8,5.0,1,1,22
2610,17,380,49,3.7,0,0,40
2611,11,429,25,4.2,0,0,40
2612,7,621,53,3.0,1,1,50
2613,8,290,36,4.2,1,1,50
2614,18,765,60,4.8,0,0,44
2615,18,340,36,2.7,1,0,32
2616,3,130,12,4.4,0,0,50
2617,19,569,23,3.7,1,1,23
2618,16,497,8,3.1,1,1,22
2619,6,419,25,2.6,0,1,50
2620,18,903,10,3.1,0,0,19
2621,8,186,21,4.3,0,0,44
2622,6,549,52,3.8,0,1,50
2623,4,682,24,3.6,1,0,50
2624,8,596,30,3.6,1,1,49
2625,5,383,21,4.9,1,1,50
2626,6,238,30,3.5,1,0,50
2627,14,865,18,4.6,0,0,31
2628,11,220,52,3.9,1,0,50
2629,12,409,48,5.0,1,0,50
2630,8,760,49,4.1,1,0,50
2631,8,326,52,5.0,1,1,50
2632,6,490,11,4.0,0,0,43
2633,14,338,24,3.3,0,0,34
2634,13,917,56,4.5,1,1,50
2635,12,645,59,4.4,0,1,50
2636,3,456,38,3.3,0,1,50
2637,7,215,23,2.9,1,1,47
2638,19,320,57,4.0,1,1,40
2639,8,397,26,3.9,0,0,47
2640,12,468,40,3.0,1,0,46
2641,12,788,5,4.2,1,1,28
2642,14,489,50,3.9,1,1,47
2643,13,725,7,2.9,1,1,27
2644,11,274,59,2.6,0,0,50
2645,13,470,48,3.8,1,1,48
2646,5,104,44,4.4,1,0,50
2647,7,826,45,3.6,0,1,50
2648,8,466,47,2.5,1,1,50
2649,9,959,31,4.8,1,1,47
2650,12,151,4,3.9,0,0,28
2651,14,753,25,2.9,0,0,34
2652,1,942,20,4.2,0,0,50
2653,15,740,55,4.8,1,0,47
2654,6,294,39,4.6,0,1,50
2655,13,156,54,3.9,0,0,50
2656,16,125,20,4.7,1,1,28
2657,14,467,48,3.3,1,1,46
2658,3,357,38,2.8,0,1,50
2659,14,332,27,3.2,0,1,35
2660,3,584,54,4.1,0,1,50
2661,19,406,38,4.6,1,0,31
2662,6,714,25,3.5,0,1,50
2663,18,291,8,4.0,1,0,18
2664,4,329,4,4.0,0,0,44
2665,4,744,18,3.5,1,0,50
2666,6,174,16,2.8,1,0,46
2667,18,659,17,3.4,1,1,22
2668,7,196,33,3.4,1,1,50
2669,3,869,32,3.1,0,1,50
2670,7,890,52,3.1,1,1,50
2671,3,545,55,3.9,0,1,50
2672,19,903,28,4.1,0,0,26
2673,6,793,38,3.3,1,1,50
2674,10,170,28,3.6,1,1,44
2675,6,271,30,4.0,0,1,50
2676,14,302,54,3.2,0,0,49
2677,3,613,25,3.3,0,1,50
2678,11,629,16,4.7,1,1,36
2679,11,206,10,4.0,0,0,33
2680,12,851,25,4.2,1,0,38
2681,9,471,47,3.0,0,0,50
2682,9,292,45,2.5,1,1,50
2683,3,946,3,3.4,0,0,45
2684,10,181,20,4.6,1,1,40
2685,2,995,22,4.2,1,1,50
2686,3,531,29,4.6,0,1,50
2687,14,890,50,3.2,0,0,47
2688,5,822,17,3.1,1,0,48
2689,4,706,32,3.5,1,1,50
2690,5,758,57,2.8,1,0,50
2691,19,320,46,2.7,0,0,35
2692,15,782,14,3.0,0,1,27
2693,7,177,14,3.8,1,0,43
2694,18,630,13,4.3,1,0,20
2695,2,141,5,4.7,0,0,48
2696,11,489,16,4.9,1,0,36
2697,5,236,49,2.9,0,1,50
2698,2,681,15,5.0,1,1,50
2699,6,380,20,4.9,0,1,48
2700,3,711,40,3.9,1,1,50
2701,3,353,11,2.7,0,1,49
2702,2,132,33,4.1,0,1,50
2703,8,474,42,4.7,0,0,50
2704,7,221,49,3.4,0,1,50
2705,6,746,17,4.7,1,1,46
2706,16,547,44,4.6,0,0,40
2707,19,120,40,4.3,1,0,32
2708,11,721,22,3.9,1,0,39
2709,1,948,40,2.7,0,0,50
2710,17,252,32,3.1,1,0,32
2711,1,224,37,5.0,0,1,50
2712,6,780,39,3.9,0,1,50
2713,19,759,43,3.1,1,1,33
2714,17,211,60,4.4,0,0,46
2715,14,248,32,3.4,0,0,38
2716,19,267,52,4.4,1,1,38
2717,18,246,27,4.2,1,0,27
2718,18,385,56,4.2,1,0,42
2719,3,595,29,3.6,1,1,50
2720,20,800,20,3.0,0,0,20
2721,9,311,6,3.6,1,1,35
2722,1,257,55,3.7,0,1,50
2723,17,119,11,2.7,0,1,21
2724,5,929,21,3.7,1,0,50
2725,5,429,11,2.9,1,0,45
2726,20,463,26,4.4,1,1,23
2727,5,539,43,3.0,0,1,50
2728,14,638,46,4.5,1,1,45
2729,5,875,12,3.7,0,1,46
2730,6,199,37,3.1,1,0,50
2731,19,303,6,3.6,1,0,15
2732,16,937,22,3.1,1,0,29
2733,9,331,48,4.2,0,0,50
2734,15,979,17,4.7,1,0,28
2735,6,455,16,2.6,1,1,46
2736,5,201,19,3.0,0,0,49
2737,10,671,60,4.1,0,1,50
2738,2,641,19,2.9,0,1,50
2739,12,716,42,3.6,0,0,47
2740,2,973,56,4.5,1,1,50
2741,19,320,9,3.0,0,0,16
2742,15,835,26,2.8,0,1,33
2743,17,200,37,2.7,1,1,34
2744,9,781,57,4.2,0,1,50
2745,3,525,43,2.5,0,1,50
2746,1,207,38,3.8,0,0,50
2747,7,748,7,3.4,0,1,39
2748,11,691,54,3.7,1,0,50
2749,2,797,9,3.3,0,1,50
2750,3,668,34,4.4,0,0,50
2751,15,725,56,4.5,0,1,48
2752,13,444,21,4.8,1,1,34
2753,10,817,8,3.3,1,1,34
2754,6,444,10,3.4,0,1,43
2755,12,683,31,2.8,1,1,41
2756,16,676,21,4.4,1,1,28
2757,20,757,58,4.7,1,0,39
2758,8,141,6,4.0,0,1,37
2759,16,815,28,4.4,0,1,32
2760,5,160,20,4.7,0,1,50
2761,15,967,26,4.7,0,1,33
2762,14,314,60,3.2,0,1,50
2763,9,612,51,3.2,1,1,50
2764,16,538,18,3.4,0,1,27
2765,5,589,21,4.3,0,1,50
2766,3,901,3,3.4,1,1,45
2767,14,819,2,2.9,0,1,23
2768,12,634,38,3.5,0,1,45
2769,7,223,18,4.5,1,0,45
2770,14,102,45,4.4,0,0,44
2771,19,273,48,2.8,0,1,36
2772,8,385,38,3.5,1,0,50
2773,8,836,5,4.6,1,1,36
2774,9,210,59,4.0,1,1,50
2775,8,401,40,2.5,0,0,50
2776,9,464,54,4.7,1,1,50
2777,7,245,2,3.8,1,0,37
2778,10,426,37,3.9,0,1,48
2779,11,946,11,2.5,0,1,33
2780,13,867,6,4.3,1,1,27
2781,3,499,38,2.8,0,0,50
2782,11,966,14,4.8,0,0,35
2783,15,858,11,4.8,0,0,25
2784,9,103,17,3.0,0,0,40
2785,5,654,23,4.9,0,1,50
2786,7,391,14,4.7,0,1,43
2787,12,918,28,4.1,0,1,40
2788,13,840,7,3.1,0,0,27
2789,3,159,21,4.2,0,0,50
2790,13,433,27,3.4,1,1,37
2791,17,254,58,2.7,0,1,45
2792,14,620,59,3.4,0,0,50
2793,18,854,12,3.3,0,1,20
2794,3,655,10,4.4,0,1,49
2795,13,601,6,4.9,0,1,27
2796,11,730,34,3.6,1,1,45
2797,5,598,41,2.6,1,1,50
2798,9,567,43,3.5,0,0,50
2799,11,607,13,3.9,1,0,34
2800,16,338,42,3.9,1,1,39
2801,19,499,15,3.6,0,0,19
2802,6,181,12,3.1,0,0,44
2803,12,901,37,4.2,1,0,44
2804,6,621,6,4.2,1,1,41
2805,17,264,52,4.1,0,0,42
2806,6,425,54,2.8,0,0,50
2807,16,953,20,4.8,1,1,28
2808,7,318,22,4.1,1,0,47
2809,13,729,31,3.9,0,1,39
2810,15,532,11,2.5,1,1,25
2811,4,115,7,4.8,0,1,45
2812,4,962,58,2.8,1,1,50
2813,9,494,20,4.4,1,0,42
2814,15,447,37,4.3,1,0,38
2815,13,718,3,4.5,1,1,25
2816,11,464,27,3.5,0,0,41
2817,11,632,7,3.8,0,0,31
2818,10,925,4,2.9,1,1,32
2819,16,702,46,3.7,0,1,41
2820,11,961,59,3.7,1,0,50
2821,2,791,58,2.7,0,0,50
2822,4,429,41,4.2,1,1,50
2823,10,829,45,3.8,0,0,50
2824,6,612,21,4.2,0,1,48
2825,6,206,47,4.3,1,1,50
2826,18,301,10,3.5,1,0,19
2827,2,589,53,4.6,1,0,50
2828,15,980,12,3.8,1,0,26
2829,11,617,50,3.8,1,1,50
2830,20,225,8,4.0,1,0,14
2831,7,780,49,4.7,0,0,50
2832,15,604,32,4.2,0,1,36
2833,4,493,41,3.2,1,1,50
2834,18,405,25,2.9,1,1,26
2835,9,617,20,4.2,1,1,42
2836,9,997,26,3.9,1,0,45
2837,6,514,33,3.2,0,0,50
2838,3,921,38,3.4,1,1,50
2839,4,592,55,2.8,1,1,50
2840,17,721,47,4.3,0,0,39
2841,10,395,12,4.2,1,0,36
2842,9,882,45,2.6,1,0,50
2843,18,209,27,3.3,1,1,27
2844,11,787,53,4.8,1,1,50
2845,12,967,53,4.1,0,1,50
2846,12,696,22,3.8,1,0,37
2847,1,395,46,2.8,0,1,50
2848,12,374,5,3.0,1,1,28
2849,17,270,21,3.5,0,0,26
2850,14,190,60,4.3,0,1,50
2851,1,400,40,3.8,1,0,50
2852,14,183,32,3.1,1,1,38
2853,8,769,44,3.8,0,0,50
2854,20,543,51,3.7,1,1,35
2855,5,198,33,4.6,0,1,50
2856,19,639,18,2.7,0,0,21
2857,9,847,39,4.2,0,1,50
2858,6,257,34,2.9,1,1,50
2859,17,251,28,4.5,0,0,30
2860,12,830,45,4.1,0,1,48
2861,2,630,40,4.2,0,1,50
2862,2,350,12,4.8,0,1,50
2863,7,614,24,3.2,0,0,48
2864,5,717,4,2.8,0,1,42
2865,2,117,13,2.7,0,0,50
2866,15,706,48,4.7,1,0,44
2867,16,240,15,3.1,1,0,25
2868,3,130,58,3.0,1,0,50
2869,15,516,26,3.3,1,0,33
2870,12,394,1,4.2,0,1,26
2871,6,827,42,3.6,1,0,50
2872,13,362,43,2.6,0,0,45
2873,8,967,38,4.3,0,1,50
2874,11,876,34,4.5,1,1,45
2875,12,419,41,4.3,0,1,46
2876,6,787,50,4.8,1,1,50
2877,17,242,26,4.9,0,1,29
2878,11,369,4,3.4,0,1,30
2879,6,425,3,2.9,0,0,39
2880,7,306,46,4.4,1,1,50
2881,2,405,11,2.8,1,0,50
2882,1,644,59,4.7,1,0,50
2883,16,191,41,3.6,0,0,38
2884,19,744,21,3.6,0,1,22
2885,17,164,2,4.1,0,0,17
2886,7,808,47,3.5,1,0,50
2887,20,613,56,3.8,0,0,38
2888,20,509,22,3.6,0,0,21
2889,2,361,60,2.9,0,1,50
2890,16,216,53,2.9,0,1,44
2891,10,766,22,4.3,0,0,41
2892,20,298,46,4.3,1,0,33
2893,12,186,47,4.0,1,0,49
2894,9,274,59,4.9,1,0,50
2895,5,957,23,2.9,1,1,50
2896,19,213,6,3.2,0,0,15
2897,11,225,16,3.4,1,1,36
2898,18,181,23,2.9,1,1,25
2899,13,823,57,3.0,1,1,50
2900,12,395,1,2.6,1,1,26
2901,18,176,47,2.9,0,0,37
2902,5,213,36,4.3,1,0,50
2903,6,567,36,3.8,0,0,50
2904,2,107,60,4.7,1,1,50
2905,8,710,33,4.8,0,1,50
2906,7,118,32,3.1,0,1,50
2907,3,951,54,5.0,1,0,50
2908,17,939,24,4.4,1,0,28
2909,3,706,35,4.5,0,1,50
2910,11,319,30,4.2,0,0,43
2911,13,883,30,2.6,0,1,39
2912,16,343,53,4.7,0,1,44
2913,17,625,23,3.2,0,1,27
2914,2,939,45,3.5,0,0,50
2915,2,867,59,4.6,1,0,50
2916,3,513,33,3.1,1,1,50
2917,15,466,39,4.5,0,0,39
2918,16,791,14,2.6,0,0,25
2919,5,733,45,4.8,0,1,50
2920,2,293,45,3.1,0,1,50
2921,12,561,25,4.9,1,0,38
2922,1,412,15,3.5,1,0,50
2923,3,806,47,3.7,0,0,50
2924,5,734,1,3.8,0,1,40
2925,4,351,49,4.8,0,0,50
2926,9,497,5,2.8,1,1,34
2927,15,503,53,4.9,0,1,46
2928,9,590,49,3.5,1,0,50
2929,5,927,20,2.6,0,0,50
2930,8,893,36,2.8,1,0,50
2931,17,506,57,4.0,1,0,44
2932,11,261,29,3.4,1,1,42
2933,6,789,56,4.2,1,1,50
2934,6,982,46,3.1,0,1,50
2935,7,601,56,4.3,0,0,50
2936,17,572,20,4.0,0,1,26
2937,7,609,2,2.8,0,1,37
2938,17,583,27,4.3,0,1,29
2939,3,127,1,4.0,1,1,44
2940,14,934,34,3.9,0,1,39
2941,4,123,8,3.8,0,0,46
2942,3,158,44,4.3,0,0,50
2943,10,205,56,3.9,1,0,50
2944,13,242,30,3.2,0,0,39
2945,16,942,15,3.0,1,1,25
2946,13,510,32,3.0,1,1,40
2947,16,673,29,4.8,1,0,32
2948,10,553,18,4.5,1,1,39
2949,15,302,18,3.4,1,1,29
2950,1,646,22,2.5,0,1,50
2951,3,255,58,4.9,1,1,50
2952,12,877,53,3.9,0,1,50
2953,2,484,3,4.5,0,0,47
2954,16,565,27,4.8,0,1,31
2955,6,187,6,4.4,0,0,41
2956,5,531,14,3.2,0,0,47
2957,6,737,15,3.7,1,1,45
2958,12,217,58,4.3,0,1,50
2959,17,720,26,3.9,0,0,29
2960,14,495,4,4.4,0,1,24
2961,10,277,12,3.0,1,0,36
2962,14,254,13,3.4,1,1,28
2963,9,586,27,4.1,0,1,45
2964,18,460,19,2.5,1,0,23
2965,19,438,14,3.1,1,0,19
2966,15,339,59,3.2,1,0,49
2967,16,621,50,4.9,1,1,43
2968,4,607,9,4.5,0,1,46
2969,1,521,31,3.1,0,0,50
2970,10,371,51,4.2,1,1,50
2971,5,920,15,4.8,1,0,47
2972,10,558,53,5.0,1,0,50
2973,3,100,18,4.7,1,0,50
2974,3,309,7,4.4,1,1,47
2975,8,960,19,2.9,0,0,43
2976,2,804,60,2.7,1,0,50
2977,2,633,59,4.3,0,1,50
2978,16,356,44,3.1,1,1,40
2979,5,595,14,3.7,1,1,47
2980,7,394,3,4.1,1,1,37
2981,13,913,5,2.8,1,1,26
2982,17,689,8,4.9,0,0,20
2983,3,189,3,4.0,0,0,45
2984,1,902,60,2.8,0,0,50
2985,8,263,14,4.6,1,1,41
2986,8,171,21,4.4,0,0,44
2987,8,859,38,3.3,1,1,50
2988,3,854,54,4.3,1,1,50
2989,11,908,28,3.5,1,0,42
2990,12,803,11,4.2,1,1,31
2991,8,147,22,2.7,1,0,45
2992,4,889,15,3.0,1,0,49
2993,1,127,7,4.7,0,1,50
2994,16,104,50,4.5,0,1,43
2995,11,301,51,3.3,1,0,50
2996,8,509,5,2.6,0,1,36
2997,6,779,30,2.6,0,1,50
2998,17,825,34,2.5,0,1,33
2999,18,292,49,4.5,1,0,38
3000,2,665,20,4.1,0,0,50
3001,15,164,44,3.6,1,0,42
3002,12,412,1,4.9,1,1,26
3003,15,287,41,3.4,0,1,40
3004,14,868,16,3.3,1,0,30
3005,16,413,32,3.6,1,0,34
3006,20,318,26,3.4,0,0,23
3007,7,233,17,3.2,1,0,44
3008,10,924,17,2.7,1,1,38
3009,16,671,40,4.8,0,0,38
3010,8,339,38,4.2,1,1,50
3011,8,513,10,3.4,0,1,39
3012,6,988,60,3.4,1,0,50
3013,9,444,6,3.3,1,1,35
3014,10,560,28,3.4,0,1,44
3015,9,197,43,4.0,1,0,50
3016,8,212,23,3.0,1,0,45
3017,5,378,13,4.6,0,0,46
3018,10,868,45,2.9,1,0,50
3019,14,805,46,4.4,0,0,45
3020,15,211,52,2.5,0,0,46
3021,2,582,18,4.8,1,1,50
3022,14,864,21,4.4,0,1,32
3023,7,748,45,3.1,1,1,50
3024,11,148,15,2.6,1,0,35
3025,19,878,23,3.3,1,1,23
3026,1,108,50,4.4,1,1,50
3027,5,495,4,2.8,0,0,42
3028,4,150,47,3.3,1,1,50
3029,11,868,28,5.0,0,1,42
3030,10,899,59,4.6,0,1,50
3031,9,308,21,3.5,1,1,42
3032,4,541,26,2.5,0,1,50
3033,7,814,37,3.0,0,1,50
3034,18,386,12,4.9,1,0,20
3035,11,310,34,3.0,1,0,45
3036,4,543,59,3.4,1,1,50
3037,5,539,17,3.7,0,0,48
3038,17,731,45,3.0,0,1,38
3039,13,474,50,4.0,1,0,49
3040,7,181,35,4.0,1,1,50
3041,15,832,52,4.8,1,1,46
3042,13,653,39,3.5,1,0,43
3043,20,821,40,3.7,1,0,30
3044,10,739,7,3.8,1,0,33
3045,16,337,46,3.7,1,0,41
3046,4,233,19,2.8,0,1,50
3047,18,945,16,4.5,1,1,22
3048,5,570,50,3.5,0,1,50
3049,13,305,14,3.5,0,1,31
3050,4,453,30,4.0,1,1,50
3051,13,733,30,4.6,0,1,39
3052,1,320,55,2.9,0,0,50
3053,17,122,20,3.2,0,0,26
3054,16,125,27,3.8,1,1,31
3055,17,181,39,2.8,1,0,35
3056,19,507,20,3.4,0,0,22
3057,6,997,31,4.0,1,1,50
3058,14,509,26,3.2,0,1,35
3059,13,760,1,3.5,0,1,24
3060,2,228,13,5.0,1,0,50
3061,14,729,36,4.0,0,0,40
3062,3,989,13,4.9,0,0,50
3063,16,809,33,3.9,0,1,34
3064,14,924,23,3.5,1,0,33
3065,6,746,52,3.0,0,0,50
3066,8,955,41,4.8,0,1,50
3067,6,324,11,4.6,1,1,43
3068,8,883,57,2.9,0,1,50
3069,3,788,5,3.9,0,0,46
3070,14,666,47,4.7,1,1,45
3071,10,626,50,2.7,1,1,50
3072,9,998,16,4.7,0,0,40
3073,17,682,5,4.3,0,1,18
3074,16,170,15,2.6,0,1,25
3075,6,799,20,2.7,0,1,48
3076,14,648,16,3.4,1,0,30
3077,18,329,57,4.4,0,0,42
3078,12,552,15,3.7,1,1,33
3079,19,469,22,4.0,1,1,23
3080,17,551,50,4.2,0,1,41
3081,7,640,43,4.4,1,0,50
3082,19,591,20,4.3,0,0,22
3083,20,562,48,4.0,1,0,34
3084,10,314,11,3.1,0,0,35
3085,12,155,54,2.5,1,0,50
3086,9,707,60,4.5,0,1,50
3087,19,305,59,3.0,1,0,41
3088,12,610,42,4.0,0,0,47
3089,8,664,48,3.7,1,0,50
3090,18,442,23,4.2,1,0,25
3091,15,733,32,3.7,0,0,36
3092,15,394,57,2.9,0,0,48
3093,14,283,53,3.7,1,0,48
3094,11,191,9,2.6,1,0,32
3095,5,612,31,5.0,0,1,50
3096,1,528,60,3.7,0,1,50
3097,12,383,45,4.9,1,1,48
3098,6,730,5,3.3,0,1,40
3099,14,388,10,4.8,1,0,27
3100,7,544,1,2.9,0,1,36
3101,18,645,21,3.7,0,1,24
3102,19,825,12,3.3,0,1,18
3103,19,856,25,3.6,0,0,24
3104,14,462,24,3.1,1,1,34
3105,2,926,50,3.0,1,1,50
3106,9,854,24,4.8,1,0,44
3107,1,421,43,3.5,1,1,50
3108,2,872,43,3.9,1,1,50
3109,17,976,53,4.9,1,0,42
3110,13,999,53,2.8,1,1,50
3111,18,722,30,3.0,1,0,29
3112,9,589,50,3.8,1,0,50
3113,20,217,50,3.7,1,0,35
3114,1,232,22,3.7,1,0,50
3115,11,807,17,2.9,0,0,36
3116,18,883,55,2.6,1,1,41
3117,5,679,57,2.7,1,0,50
3118,7,293,24,3.5,0,1,48
3119,1,755,33,3.9,1,1,50
3120,9,409,32,3.4,1,0,48
3121,6,721,39,2.9,1,0,50
3122,15,634,58,4.3,1,0,49
3123,15,626,56,4.3,1,1,48
3124,7,909,36,3.9,1,1,50
3125,14,848,2,2.8,0,1,23
3126,13,262,46,4.0,1,1,47
3127,19,832,57,5.0,0,0,40
3128,1,568,43,4.7,0,1,50
3129,2,547,31,3.3,1,0,50
3130,4,632,30,4.1,1,0,50
3131,17,793,30,3.4,1,1,31
3132,8,263,51,4.6,1,0,50
3133,15,300,12,4.3,1,1,26
3134,6,516,23,2.9,0,1,49
3135,16,126,26,3.1,0,0,31
3136,20,811,32,3.8,0,0,26
3137,9,386,14,4.3,0,0,39
3138,15,263,22,3.3,0,0,31
3139,17,212,29,5.0,0,0,30
3140,1,606,53,4.9,1,0,50
3141,3,513,59,3.8,1,1,50
3142,1,670,20,4.5,1,0,50
3143,20,625,57,4.7,1,0,38
3144,5,733,59,3.7,0,0,50
3145,6,586,14,3.1,0,0,45
3146,19,448,24,3.5,0,1,24
3147,13,424,19,3.2,1,1,33
3148,8,120,40,2.8,0,0,50
3149,19,164,57,4.2,1,0,40
3150,16,462,17,4.5,0,0,26
3151,17,396,34,3.0,0,1,33
3152,6,151,47,4.9,0,1,50
3153,15,970,38,3.0,0,0,39
3154,15,909,13,3.9,0,0,26
3155,3,504,40,4.6,1,1,50
3156,12,708,49,4.9,1,1,50
3157,10,651,47,3.0,1,1,50
3158,6,155,51,2.9,1,0,50
3159,14,608,7,4.5,0,0,25
3160,12,981,39,4.4,1,0,45
3161,17,167,2,4.8,1,1,17
3162,20,292,40,4.1,1,0,30
3163,16,928,21,2.7,1,0,28
3164,17,981,25,4.5,1,1,28
3165,17,805,24,2.8,1,0,28
3166,11,317,42,4.2,1,1,49
3167,11,901,49,2.7,1,1,50
3168,16,910,6,4.9,0,1,21
3169,4,934,43,2.5,0,1,50
3170,17,786,42,3.0,0,1,37
3171,1,904,20,2.9,1,1,50
3172,17,903,17,2.6,0,1,24
3173,12,929,12,3.8,1,0,32
3174,9,509,40,3.1,1,0,50
3175,18,530,60,2.8,1,0,44
3176,19,394,52,3.3,1,0,38
3177,6,117,50,3.5,1,0,50
3178,12,649,7,3.5,1,1,29
3179,8,787,24,4.5,1,1,46
3180,5,493,24,3.2,1,0,50
3181,5,868,53,2.6,1,1,50
3182,11,181,17,3.3,0,0,36
3183,9,704,21,2.8,0,1,42
3184,15,456,55,5.0,0,0,47
3185,6,363,58,3.7,1,0,50
3186,19,752,29,3.4,1,0,26
3187,18,534,1,4.8,1,1,14
3188,5,774,18,2.6,1,1,49
3189,18,443,5,3.6,0,1,16
3190,3,732,54,4.0,0,1,50
3191,17,186,44,3.7,0,1,38
3192,5,610,24,3.5,0,0,50
3193,1,666,21,4.2,0,0,50
3194,4,418,37,4.7,1,1,50
3195,4,425,44,4.5,1,0,50
3196,6,891,20,4.5,0,1,48
3197,11,908,55,3.5,0,0,50
3198,1,853,45,5.0,0,0,50
3199,5,895,19,3.8,1,1,49
3200,19,969,32,2.7,0,1,28
3201,4,108,49,2.6,0,1,50
3202,11,885,10,4.3,0,0,33
3203,9,578,33,2.8,1,0,48
3204,3,551,2,2.7,0,0,45
3205,9,388,35,3.8,0,1,49
3206,4,813,41,4.5,1,1,50
3207,2,265,55,3.2,1,0,50
3208,4,947,25,4.8,1,0,50
3209,18,346,13,4.3,0,1,20
3210,16,434,34,2.9,1,0,35
3211,6,567,56,4.2,1,0,50
3212,5,791,13,4.9,0,1,46
3213,15,795,20,2.9,1,1,30
3214,19,756,37,2.8,1,1,30
3215,1,810,52,4.9,0,0,50
3216,20,247,36,2.8,0,1,28
3217,11,234,41,3.1,1,0,48
3218,10,954,3,2.6,1,1,31
3219,12,466,8,3.0,1,1,30
3220,17,288,47,3.2,1,0,39
3221,15,834,7,2.8,0,0,23
3222,13,928,48,3.9,1,0,48
3223,3,630,49,4.4,1,0,50
3224,5,652,40,3.3,0,1,50
3225,9,928,31,4.3,1,1,47
3226,8,333,9,3.1,1,0,38
3227,17,784,43,3.0,0,0,37
3228,8,101,17,4.9,1,1,42
3229,11,763,41,2.8,1,1,48
3230,4,758,9,4.9,0,0,46
3231,7,683,7,4.6,0,1,39
3232,18,336,13,3.0,0,1,20
3233,5,755,30,4.9,0,1,50
3234,12,627,26,3.3,0,0,39
3235,5,532,50,3.3,0,0,50
3236,13,986,7,4.8,1,0,27
3237,7,371,54,4.5,1,0,50
3238,15,770,33,4.8,0,1,36
3239,6,260,60,3.5,1,1,50
3240,11,719,33,3.5,1,0,44
3241,15,909,36,4.0,1,0,38
3242,3,393,20,3.5,0,0,50
3243,2,167,9,3.5,1,1,50
3244,2,897,27,4.7,0,0,50
3245,3,673,20,4.5,1,1,50
3246,17,189,21,3.1,0,1,26
3247,17,927,49,4.2,1,1,40
3248,1,292,4,3.6,0,1,50
3249,10,182,26,2.6,1,1,43
3250,19,320,50,3.4,1,1,37
3251,5,402,43,3.1,0,1,50
3252,13,586,20,2.7,1,1,34
3253,9,246,58,3.3,0,1,50
3254,11,161,20,4.0,0,0,38
3255,16,346,16,3.0,0,1,26
3256,19,267,6,3.1,1,0,15
3257,9,845,23,2.6,0,0,43
3258,18,270,26,3.3,0,1,27
3259,12,587,3,2.9,1,1,27
3260,11,707,13,4.7,0,0,34
3261,18,878,31,3.1,0,0,29
3262,12,403,41,3.7,1,1,46
3263,7,933,14,3.8,0,0,43
3264,7,466,53,4.2,1,0,50
3265,20,217,15,2.9,1,0,17
3266,7,121,48,3.1,1,1,50
3267,15,571,45,5.0,0,1,42
3268,19,102,4,3.7,0,1,14
3269,8,861,21,4.4,1,1,44
3270,7,111,15,4.0,1,1,43
3271,13,513,12,4.3,1,0,30
3272,16,300,28,2.7,1,1,32
3273,7,768,56,3.0,0,1,50
3274,14,811,57,4.0,1,1,50
3275,18,679,9,4.8,0,1,18
3276,15,825,44,2.9,1,1,42
3277,14,327,6,3.8,0,0,25
3278,20,832,31,3.9,1,0,25
3279,1,712,33,2.8,0,0,50
3280,15,526,43,2.5,0,1,41
3281,16,986,9,3.8,0,0,22
3282,11,695,55,2.7,0,0,50
3283,11,386,39,2.7,1,0,47
3284,15,966,32,4.1,1,0,36
3285,5,757,30,4.9,1,0,50
3286,16,840,39,3.9,1,0,37
3287,5,471,36,4.9,1,1,50
3288,2,581,9,3.0,0,0,50
3289,2,953,21,3.2,0,1,50
3290,10,300,33,3.3,0,1,46
3291,5,443,7,3.9,0,0,43
3292,12,906,5,4.7,0,1,28
3293,14,171,23,3.0,0,1,33
3294,20,381,38,3.2,0,1,29
3295,8,670,14,3.3,1,0,41
3296,15,113,39,3.5,1,1,39
3297,10,652,1,4.2,0,1,30
3298,11,967,17,2.5,1,1,36
3299,5,838,33,3.9,1,0,50
3300,19,542,56,3.2,0,0,40
3301,13,224,37,4.1,0,0,42
3302,7,986,3,4.1,0,0,37
3303,15,326,31,2.5,0,0,35
3304,5,995,36,5.0,0,0,50
3305,1,480,10,3.5,1,1,50
3306,15,980,52,4.3,1,1,46
3307,17,552,14,3.4,0,1,23
3308,15,817,31,4.2,1,1,35
3309,7,549,26,2.9,0,1,49
3310,16,851,19,4.8,1,0,27
3311,20,108,35,4.7,1,0,27
3312,1,977,10,4.5,1,0,50
3313,5,120,1,4.4,0,0,40
3314,1,488,29,3.5,1,0,50
3315,14,630,9,2.6,0,1,26
3316,9,469,52,3.1,1,0,50
3317,7,277,5,3.0,1,1,38
3318,18,788,58,3.6,1,1,43
3319,5,554,42,4.2,0,1,50
3320,7,142,5,3.9,1,0,38
3321,20,206,34,3.8,1,0,27
3322,6,386,44,3.7,1,0,50
3323,5,764,58,4.1,0,0,50
3324,5,387,26,3.2,0,0,50
3325,12,183,26,5.0,1,1,39
3326,19,431,57,3.5,1,0,40
3327,12,919,53,3.0,0,1,50
3328,3,614,35,4.4,0,1,50
3329,15,277,5,3.7,0,1,22
3330,1,406,19,4.6,1,0,50
3331,14,700,27,4.6,1,0,35
3332,3,994,59,3.7,0,1,50
3333,15,865,60,3.7,1,1,50
3334,4,462,20,2.9,0,0,50
3335,9,550,27,4.8,0,0,45
3336,11,145,25,2.5,0,0,40
3337,13,896,50,3.6,1,0,49
3338,8,498,24,3.5,1,1,46
3339,8,419,6,3.5,0,1,37
3340,18,146,40,4.5,0,1,34
3341,12,306,51,3.8,0,0,50
3342,18,267,3,4.0,0,1,15
3343,13,616,43,3.2,1,0,45
3344,17,713,24,4.0,1,0,28
3345,10,822,18,3.1,1,1,39
3346,19,750,18,4.1,1,1,21
3347,14,511,26,2.6,0,0,35
3348,11,180,1,4.4,0,1,28
3349,10,509,43,3.7,1,0,50
3350,7,776,20,4.8,0,0,46
3351,20,254,17,4.1,1,0,18
3352,9,614,24,4.9,1,1,44
3353,8,763,8,4.2,1,0,38
3354,19,164,13,4.2,1,0,18
3355,1,926,44,4.9,1,0,50
3356,8,387,16,3.3,1,1,42
3357,10,325,14,3.3,1,1,37
3358,2,609,4,2.9,1,1,48
3359,8,500,21,4.9,0,0,44
3360,10,796,27,4.2,1,1,43
3361,6,817,19,3.8,1,1,47
3362,20,414,40,3.7,0,0,30
3363,9,583,11,2.8,1,1,37
3364,12,802,4,4.5,1,1,28
3365,3,718,29,4.9,0,1,50
3366,2,588,53,4.6,0,0,50
3367,11,289,37,4.8,1,0,46
3368,19,742,60,3.6,0,0,42
3369,15,601,7,4.2,1,1,23
3370,5,689,29,2.5,1,0,50
3371,3,502,17,2.7,1,0,50
3372,10,270,47,4.9,1,0,50
3373,11,140,16,3.9,0,0,36
3374,1,283,46,4.2,1,1,50
3375,13,563,2,4.5,0,1,25
3376,4,596,28,4.1,0,0,50
3377,1,369,32,3.1,1,0,50
3378,14,206,46,4.2,0,1,45
3379,18,695,2,2.7,0,1,15
3380,15,653,56,3.7,0,0,48
3381,12,338,29,4.0,1,1,40
3382,17,164,49,3.0,0,1,40
3383,2,422,19,4.8,1,1,50
3384,13,560,57,4.0,1,0,50
3385,13,197,40,3.0,0,1,44
3386,20,704,19,3.0,1,1,19
3387,6,416,12,3.3,0,1,44
3388,7,300,41,3.1,0,0,50
3389,20,164,48,3.2,1,1,34
3390,20,550,25,3.1,1,1,22
3391,10,848,12,3.9,0,1,36
3392,3,276,42,2.7,1,1,50
3393,8,369,47,2.7,1,0,50
3394,18,991,20,4.5,0,0,24
3395,1,841,8,4.0,0,1,50
3396,6,592,1,4.8,0,1,38
3397,15,973,14,3.0,0,1,27
3398,3,604,15,4.1,1,0,50
3399,15,241,48,4.5,1,0,44
3400,2,901,30,4.0,1,0,50
3401,5,833,56,2.6,0,0,50
3402,16,124,29,4.8,0,1,32
3403,11,803,12,2.8,0,1,34
3404,9,627,48,3.7,1,1,50
3405,7,257,25,4.2,1,1,48
3406,20,327,30,3.6,1,0,25
3407,8,323,17,3.6,0,1,42
3408,8,574,41,2.6,1,0,50
3409,6,547,14,4.7,0,0,45
3410,10,350,4,3.4,1,1,32
3411,14,363,2,4.3,1,1,23
3412,1,328,23,2.9,0,0,50
3413,1,477,8,3.0,1,0,50
3414,11,868,14,3.6,0,1,35
3415,2,860,17,2.8,1,1,50
3416,7,964,37,3.8,1,1,50
3417,11,767,40,4.2,1,0,48
3418,4,505,4,3.0,0,0,44
3419,6,477,50,2.5,0,0,50
3420,18,653,11,3.8,0,1,19
3421,2,429,26,3.3,1,0,50
3422,16,493,20,3.1,0,0,28
3423,11,944,46,4.3,0,0,50
3424,10,743,26,3.3,0,0,43
3425,11,599,20,3.4,1,0,38
3426,4,939,54,5.0,1,0,50
3427,1,723,56,3.9,0,1,50
3428,18,939,56,2.8,1,0,42
3429,19,617,22,3.4,0,1,23
3430,11,640,50,3.8,0,1,50
3431,8,606,33,4.9,0,1,50
3432,8,939,57,3.8,1,0,50
3433,5,212,30,4.4,0,1,50
3434,9,460,33,4.0,1,0,48
3435,14,672,30,4.0,1,0,37
3436,16,804,56,3.5,0,0,46
3437,15,998,15,4.1,0,0,27
3438,4,860,12,3.0,1,0,48
3439,8,647,27,5.0,1,0,47
3440,6,819,37,2.9,1,0,50
3441,6,557,11,3.6,1,1,43
3442,18,172,59,2.6,0,0,43
3443,14,169,58,4.7,1,1,50
3444,19,852,9,4.2,0,0,16
3445,20,426,54,2.7,1,0,37
3446,10,508,5,3.0,0,1,32
3447,8,520,19,4.1,1,0,43
3448,13,749,15,3.4,1,1,31
3449,10,814,23,3.5,1,1,41
3450,15,814,24,3.1,0,0,32
3451,1,372,12,4.3,0,0,50
3452,17,398,35,2.5,0,1,33
3453,10,476,20,3.7,1,1,40
3454,2,884,13,4.0,0,1,50
3455,17,952,33,4.3,1,1,32
3456,15,824,35,3.5,1,1,37
3457,5,406,26,3.0,1,1,50
3458,2,743,42,4.3,1,1,50
3459,20,748,28,4.0,0,0,24
3460,7,357,58,2.8,1,1,50
3461,17,693,36,3.2,1,1,34
3462,11,712,57,4.0,0,0,50
3463,9,681,32,4.8,0,0,48
3464,8,965,9,3.1,1,1,38
3465,11,275,33,2.7,1,0,44
3466,6,546,13,3.5,0,0,44
3467,20,557,37,2.8,1,1,28
3468,16,696,46,4.7,1,1,41
3469,5,507,5,3.3,0,1,42
3470,19,172,52,4.2,0,1,38
3471,7,205,30,4.7,1,0,50
3472,18,757,25,3.1,0,1,26
3473,3,600,60,3.6,1,1,50
3474,7,782,49,4.3,0,1,50
3475,1,974,11,4.4,1,1,50
3476,6,769,46,3.9,0,0,50
3477,10,723,43,4.0,0,0,50
3478,19,733,1,3.3,0,1,12
3479,4,702,17,3.2,0,0,50
3480,6,676,57,4.7,1,1,50
3481,12,977,10,4.4,0,0,31
3482,6,891,16,5.0,1,1,46
3483,6,662,14,3.5,1,1,45
3484,16,985,42,4.7,0,0,39
3485,12,909,31,3.9,0,1,41
3486,1,208,39,4.4,0,1,50
3487,4,434,24,5.0,1,0,50
3488,3,372,7,4.9,0,1,47
3489,15,508,16,4.2,0,1,28
3490,18,444,27,3.5,0,0,27
3491,7,352,42,3.9,0,1,50
3492,9,612,32,4.8,1,1,48
3493,15,968,50,4.1,0,1,45
3494,10,292,56,4.6,1,0,50
3495,10,850,37,3.5,0,0,48
3496,6,644,11,3.2,1,1,43
3497,10,468,11,4.9,1,1,35
3498,5,785,14,3.0,0,1,47
3499,2,106,8,4.6,1,0,50
3500,20,438,30,4.1,0,1,25
3501,20,999,16,3.3,0,1,18
3502,9,757,23,3.2,1,0,43
3503,19,748,43,3.1,0,1,33
3504,13,230,1,2.6,1,1,24
3505,7,150,31,3.3,1,1,50
3506,20,532,8,4.0,0,0,14
3507,6,485,10,3.1,0,1,43
3508,1,199,9,3.9,0,0,50
3509,5,863,14,2.5,1,0,47
3510,11,513,59,3.1,0,0,50
3511,13,570,47,3.0,0,1,47
3512,5,268,45,3.3,0,0,50
3513,9,735,18,4.6,0,1,41
3514,14,592,36,4.5,1,0,40
3515,2,955,6,3.5,1,1,49
3516,9,451,50,3.5,1,0,50
3517,3,338,35,5.0,0,0,50
3518,6,255,40,4.9,1,0,50
3519,4,717,2,3.6,0,0,43
3520,6,348,26,3.4,0,0,50
3521,2,629,17,4.6,0,0,50
3522,17,454,35,3.3,0,1,33
3523,18,827,16,2.8,0,0,22
3524,4,615,17,3.1,1,0,50
3525,14,545,23,4.1,0,1,33
3526,7,118,14,2.7,1,0,43
3527,19,309,41,2.7,1,0,32
3528,17,905,7,2.5,1,0,19
3529,17,566,12,4.5,1,1,22
3530,14,351,55,3.2,0,0,49
3531,17,725,1,3.7,0,1,16
3532,9,423,22,2.6,1,1,43
3533,11,963,58,4.3,0,1,50
3534,19,312,46,2.9,0,0,35
3535,20,418,59,3.8,1,1,39
3536,15,302,45,3.1,0,0,42
3537,9,460,30,4.0,0,1,47
3538,1,830,58,4.1,0,1,50
3539,6,286,33,4.9,0,0,50
3540,1,453,20,3.7,0,1,50
3541,9,721,40,4.7,0,1,50
3542,19,562,16,4.8,1,1,20
3543,13,446,9,4.1,0,0,28
3544,5,592,42,3.9,1,0,50
3545,13,279,19,4.8,0,1,33
3546,11,299,13,2.7,0,1,34
3547,14,657,18,4.4,0,1,31
3548,11,263,3,4.9,1,0,29
3549,8,776,35,2.7,1,0,50
3550,16,712,4,4.3,0,1,20
3551,3,992,32,3.7,1,0,50
3552,3,728,41,4.0,1,0,50
3553,16,209,10,5.0,1,1,23
3554,4,124,17,4.8,0,0,50
3555,6,838,6,3.8,0,0,41
3556,3,901,31,4.7,0,1,50
3557,4,232,53,2.5,0,0,50
3558,8,699,52,4.7,1,0,50
3559,20,741,11,2.6,0,1,15
3560,12,418,59,4.0,1,1,50
3561,9,322,17,3.5,0,1,40
3562,6,144,18,2.9,1,0,47
3563,5,716,28,3.9,0,0,50
3564,16,797,46,3.5,1,0,41
3565,20,284,57,4.1,1,1,38
3566,18,942,49,3.7,1,0,38
3567,6,101,40,3.6,0,1,50
3568,10,695,25,4.7,1,0,42
3569,8,211,17,4.5,1,1,42
3570,7,442,42,3.6,1,1,50
3571,14,559,39,3.3,1,1,41
3572,13,355,29,4.0,1,1,38
3573,10,424,32,4.7,1,0,46
3574,10,166,42,5.0,1,0,50
3575,16,972,12,3.1,0,1,24
3576,13,589,57,2.8,1,0,50
3577,5,500,54,4.0,1,1,50
3578,12,720,16,4.0,1,0,34
3579,14,684,53,4.0,1,0,48
3580,16,423,36,4.0,0,1,36
3581,18,845,5,3.2,1,1,16
3582,3,553,9,3.2,1,0,48
3583,10,244,13,2.7,0,0,36
3584,5,698,35,3.1,0,1,50
3585,9,232,25,3.5,0,1,44
3586,18,530,12,3.3,0,1,20
3587,1,743,32,3.7,1,1,50
3588,9,160,51,5.0,0,1,50
3589,15,114,15,3.5,0,1,27
3590,18,165,25,3.5,0,0,26
3591,1,566,11,4.0,0,1,50
3592,4,936,4,4.7,0,0,44
3593,14,776,36,4.0,0,0,40
3594,14,841,5,2.9,0,1,24
3595,8,376,6,4.8,0,1,37
3596,13,337,43,2.7,1,0,45
3597,19,431,24,4.0,1,1,24
3598,9,263,37,4.3,0,1,50
3599,9,319,22,3.3,0,0,43
3600,11,244,18,4.7,0,1,37
3601,4,409,33,2.8,1,1,50
3602,10,666,7,3.7,0,1,33
3603,4,732,38,4.8,1,1,50
3604,2,829,26,2.6,0,1,50
3605,1,528,32,3.3,0,0,50
3606,10,908,43,2.5,1,1,50
3607,13,521,55,4.8,1,1,50
3608,15,201,47,3.6,1,0,43
3609,19,506,19,4.2,1,1,21
3610,12,195,45,3.9,1,1,48
3611,20,935,47,4.6,0,1,33
3612,9,184,11,3.8,1,0,37
3613,3,185,5,3.3,1,1,46
3614,4,791,38,3.2,1,0,50
3615,18,283,9,4.1,0,0,18
3616,2,850,4,3.3,1,1,48
3617,10,335,34,3.0,1,1,47
3618,17,637,43,5.0,0,1,37
3619,18,658,56,3.9,1,1,42
3620,11,355,56,5.0,1,1,50
3621,13,735,11,4.8,0,1,29
3622,18,449,20,4.6,0,1,24
3623,16,406,56,2.7,0,0,46
3624,10,363,21,2.9,0,0,40
3625,15,107,16,3.2,1,0,28
3626,12,833,16,4.6,0,1,34
3627,17,738,31,5.0,0,1,31
3628,8,782,15,4.9,0,1,41
3629,14,522,48,2.8,1,1,46
3630,9,222,48,4.9,0,0,50
3631,3,501,42,4.0,1,0,50
3632,20,924,28,4.9,0,1,24
3633,17,614,24,2.9,0,1,28
3634,6,726,43,2.7,1,1,50
3635,14,420,13,3.4,0,0,28
3636,19,833,8,3.8,1,0,16
3637,6,755,39,3.4,1,0,50
3638,20,718,40,4.1,0,0,30
3639,14,788,55,4.5,0,0,49
3640,9,480,1,2.8,0,1,32
3641,8,157,21,2.7,0,0,44
3642,18,271,25,3.5,1,1,26
3643,16,167,16,4.3,0,1,26
3644,20,302,12,4.7,1,0,16
3645,19,475,21,2.6,0,0,22
3646,6,802,35,3.6,0,0,50
3647,18,641,54,3.8,0,0,41
3648,11,261,6,4.0,1,1,31
3649,12,362,20,2.9,0,0,36
3650,13,849,1,2.6,0,1,24
3651,14,887,25,3.1,1,0,34
3652,9,176,44,4.3,1,1,50
3653,1,142,60,4.3,1,1,50
3654,20,272,40,3.7,0,0,30
3655,7,403,40,3.2,1,1,50
3656,7,861,40,4.5,0,0,50
3657,13,164,30,3.7,1,1,39
3658,17,239,39,2.6,0,1,35
3659,20,195,54,4.3,0,1,37
3660,1,256,7,2.5,0,0,50
3661,20,645,30,3.5,0,1,25
3662,3,307,44,3.9,0,1,50
3663,2,395,43,4.2,0,0,50
3664,1,888,60,4.1,1,1,50
3665,9,568,23,3.2,0,0,43
3666,8,443,60,4.0,0,0,50
3667,10,309,15,2.8,0,1,37
3668,7,534,37,3.6,0,0,50
3669,10,716,11,4.6,0,1,35
3670,9,413,40,2.9,1,1,50
3671,9,167,1,3.0,0,0,32
3672,17,731,5,3.6,1,1,18
3673,12,551,18,4.0,0,0,35
3674,10,661,9,4.2,0,0,34
3675,10,332,34,3.0,1,1,47
3676,2,300,3,4.4,0,0,47
3677,5,605,46,2.7,0,0,50
3678,7,886,19,3.4,1,1,45
3679,18,468,23,2.6,1,1,25
3680,1,985,38,2.7,0,0,50
3681,5,537,49,4.3,0,1,50
3682,13,491,35,4.6,0,1,41
3683,16,778,14,4.6,1,1,25
3684,20,115,33,3.9,1,1,26
3685,4,325,10,3.8,1,0,47
3686,5,818,40,3.4,1,1,50
3687,14,879,13,3.0,0,0,28
3688,15,434,33,3.5,1,0,36
3689,4,702,28,4.0,0,0,50
3690,2,564,3,3.2,0,0,47
3691,11,193,47,4.0,0,0,50
3692,16,750,35,3.7,0,0,35
3693,20,563,28,2.8,0,0,24
3694,6,192,19,4.8,1,0,47
3695,9,577,36,3.3,0,0,50
3696,13,156,23,4.4,1,0,35
3697,18,764,33,2.6,1,1,30
3698,20,926,40,3.6,1,1,30
3699,15,550,40,4.0,1,0,40
3700,13,313,34,4.2,0,0,41
3701,19,552,53,2.6,1,0,38
3702,10,965,23,2.8,1,1,41
3703,1,439,25,4.2,0,1,50
3704,11,536,1,2.7,0,1,28
3705,18,164,52,2.6,1,1,40
3706,9,295,54,3.0,0,0,50
3707,13,880,52,2.6,0,1,50
3708,2,309,21,4.4,0,0,50
3709,20,336,51,2.7,0,1,35
3710,10,736,58,4.2,0,0,50
3711,7,952,9,3.1,0,0,40
3712,11,465,12,3.3,0,0,34
3713,20,156,52,4.6,0,1,36
3714,15,316,9,4.6,0,1,24
3715,18,595,16,3.0,1,0,22
3716,19,160,4,4.5,0,1,14
3717,10,845,37,4.3,1,1,48
3718,17,722,44,3.9,0,1,38
3719,11,161,54,3.6,1,0,50
3720,2,489,46,4.6,1,1,50
3721,20,183,55,3.8,0,1,37
3722,17,371,44,3.8,0,1,38
3723,14,925,58,3.3,0,1,50
3724,7,767,20,2.5,1,1,46
3725,20,720,35,3.7,0,0,27
3726,16,659,23,4.0,1,0,29
3727,5,296,12,4.7,0,1,46
3728,19,331,45,4.9,0,1,34
3729,6,681,1,4.4,1,1,38
3730,18,366,23,4.6,1,1,25
3731,13,844,9,4.5,0,0,28
3732,5,370,6,3.6,0,0,43
3733,20,399,55,3.8,1,0,37
3734,7,197,10,4.0,0,0,41
3735,9,449,36,2.9,0,0,50
3736,14,692,8,4.5,0,1,26
3737,16,909,4,3.2,1,1,20
3738,14,543,23,4.5,1,1,33
3739,16,917,22,5.0,0,0,29
3740,18,384,20,3.8,0,0,24
3741,1,287,52,3.1,1,0,50
3742,4,737,22,4.3,0,0,50
3743,5,172,49,3.1,0,1,50
3744,14,200,42,2.7,0,1,43
3745,3,479,46,4.1,1,0,50
3746,2,273,41,2.6,1,1,50
3747,16,384,48,2.6,1,1,42
3748,8,463,39,3.5,1,1,50
3749,20,191,4,4.5,1,1,12
3750,13,234,10,4.0,0,0,29
3751,17,139,44,2.6,1,0,38
3752,16,297,23,4.9,0,1,29
3753,18,828,55,2.6,0,0,41
3754,3,733,46,3.0,1,1,50
3755,19,556,30,3.6,0,1,27
3756,7,883,8,4.1,0,1,40
3757,6,360,2,3.8,1,0,39
3758,13,682,19,3.2,0,0,33
3759,5,433,49,2.9,1,0,50
3760,13,512,45,2.9,0,1,46
3761,4,956,10,2.9,0,0,47
3762,7,472,32,4.0,0,1,50
3763,14,132,7,3.5,1,0,25
3764,20,217,52,4.8,1,1,36
3765,2,766,17,3.8,1,1,50
3766,14,124,48,4.7,1,1,46
3767,15,224,6,2.6,0,1,23
3768,11,854,9,3.9,0,1,32
3769,13,876,15,3.1,1,0,31
3770,3,303,60,3.7,0,1,50
3771,18,661,43,4.3,0,1,35
3772,8,595,30,3.5,1,0,49
3773,11,618,22,4.7,0,1,39
3774,16,401,34,3.9,1,1,35
3775,12,620,27,3.2,1,1,39
3776,18,599,39,2.8,0,1,33
3777,17,242,38,4.0,0,1,35
3778,17,670,12,3.0,1,0,22
3779,17,309,15,2.8,0,1,23
3780,14,946,14,4.3,0,1,29
3781,12,375,60,3.5,0,0,50
3782,17,255,26,3.9,1,0,29
3783,5,121,11,3.9,0,0,45
3784,4,337,44,2.7,0,1,50
3785,19,709,1,3.4,0,1,12
3786,11,168,53,3.0,1,0,50
3787,16,250,60,3.2,0,1,48
3788,18,692,23,4.8,0,0,25
3789,18,200,19,4.9,0,1,23
3790,10,745,58,4.6,0,0,50
3791,5,349,21,4.5,0,0,50
3792,1,264,4,3.3,0,1,50
3793,13,617,8,4.3,0,1,28
3794,1,163,1,4.4,0,0,48
3795,6,739,15,4.0,1,0,45
3796,8,995,22,2.6,1,1,45
3797,3,871,56,4.2,1,1,50
3798,12,508,53,4.7,1,1,50
3799,15,784,5,3.4,0,1,22
3800,4,951,51,3.3,1,1,50
3801,18,728,37,4.1,1,1,32
3802,10,995,49,3.1,0,0,50
3803,19,611,43,4.0,1,1,33
3804,8,717,51,4.8,0,0,50
3805,7,647,12,3.5,0,0,42
3806,14,878,29,4.9,0,0,36
3807,19,474,3,3.8,1,1,13
3808,9,237,26,2.5,0,1,45
3809,4,514,32,3.3,1,1,50
3810,9,677,52,2.6,1,0,50
3811,3,177,51,3.5,0,0,50
3812,4,968,27,4.6,0,0,50
3813,4,442,39,3.7,1,1,50
3814,19,732,49,3.8,0,1,36
3815,11,288,22,4.9,1,1,39
3816,16,646,41,3.1,1,0,38
3817,17,685,49,3.8,1,0,40
3818,4,366,46,4.5,0,1,50
3819,16,451,11,3.4,1,1,23
3820,12,439,1,3.3,0,1,26
3821,2,468,10,4.4,0,0,50
3822,12,611,54,3.8,1,0,50
3823,18,757,9,2.9,0,0,18
3824,7,880,36,2.8,1,1,50
3825,16,236,33,3.2,1,1,34
3826,2,571,41,3.3,0,0,50
3827,1,582,27,4.5,1,1,50
3828,8,584,1,4.9,0,1,34
3829,16,415,15,2.6,0,1,25
3830,2,203,56,3.2,0,0,50
3831,18,979,3,4.3,0,1,15
3832,2,366,17,3.2,1,0,50
3833,5,648,46,3.5,0,0,50
3834,4,676,18,3.3,0,1,50
3835,9,677,27,4.7,1,0,45
3836,17,766,27,2.7,1,1,29
3837,17,271,44,3.2,0,0,38
3838,11,718,6,3.4,0,1,31
3839,13,834,49,2.8,1,1,48
3840,6,769,32,2.8,1,0,50
3841,4,269,52,4.2,1,1,50
3842,6,837,59,3.1,0,1,50
3843,18,483,10,3.9,1,0,19
3844,19,545,40,3.2,1,0,32
3845,18,517,60,4.6,1,0,44
3846,8,433,26,3.4,1,1,47
3847,17,681,2,4.0,1,1,17
3848,5,446,17,3.1,1,0,48
3849,5,301,18,2.9,0,0,49
3850,7,648,11,2.7,0,0,41
3851,16,284,13,5.0,0,1,24
3852,14,468,40,3.1,1,0,42
3853,6,874,48,3.5,1,0,50
3854,3,418,43,2.7,0,1,50
3855,6,787,28,4.5,1,0,50
3856,12,805,20,4.3,0,1,36
3857,2,647,56,5.0,0,1,50
3858,7,373,22,4.4,0,1,47
3859,9,132,10,2.9,0,1,37
3860,16,840,35,4.6,1,0,35
3861,4,512,5,4.0,0,1,44
3862,3,206,22,3.8,1,1,50
3863,18,160,23,2.8,0,1,25
3864,6,615,3,3.2,1,1,39
3865,1,693,50,3.4,0,1,50
3866,16,137,36,3.0,1,1,36
3867,17,406,37,4.3,0,1,34
3868,5,503,47,2.9,1,0,50
3869,2,973,40,3.4,1,1,50
3870,12,779,39,4.7,0,1,45
3871,11,416,22,3.6,1,1,39
3872,15,517,56,4.0,1,1,48
3873,13,584,20,3.6,0,0,34
3874,5,177,48,3.5,0,1,50
3875,6,814,41,4.0,0,0,50
3876,12,563,3,2.6,1,1,27
3877,14,486,20,3.1,1,0,32
3878,3,942,16,3.9,0,1,50
3879,13,728,54,3.9,0,0,50
3880,9,139,5,3.1,1,0,34
3881,6,473,30,3.3,0,1,50
3882,10,592,55,4.0,1,0,50
3883,18,383,44,4.4,1,1,36
3884,8,302,38,3.1,1,1,50
3885,8,897,1,4.1,1,1,34
3886,18,391,33,3.6,0,1,30
3887,5,989,54,3.4,0,1,50
3888,3,701,5,4.2,0,0,46
3889,5,418,46,3.4,1,0,50
3890,18,395,10,3.7,0,1,19
3891,6,839,29,2.8,0,0,50
3892,4,462,23,4.3,1,1,50
3893,10,573,43,4.0,1,0,50
3894,20,450,51,2.8,0,1,35
3895,11,150,13,4.7,0,1,34
3896,20,918,22,3.4,0,0,21
3897,2,612,42,3.9,0,1,50
3898,4,468,18,2.6,1,0,50
3899,1,322,31,4.2,0,1,50
3900,4,698,44,4.2,1,0,50
3901,17,102,2,2.7,1,0,17
3902,9,693,28,4.4,1,1,46
3903,4,769,26,2.8,0,1,50
3904,4,743,18,3.1,1,0,50
3905,5,952,46,4.1,1,1,50
3906,7,477,47,4.8,1,1,50
3907,12,576,28,3.6,0,1,40
3908,9,820,47,3.2,0,0,50
3909,10,159,21,2.9,0,0,40
3910,19,167,41,2.6,1,1,32
3911,13,631,43,4.5,0,1,45
3912,19,585,55,3.4,1,1,39
3913,3,578,41,5.0,1,1,50
3914,13,808,35,2.6,1,1,41
3915,17,533,7,4.9,0,0,19
3916,3,199,27,3.4,0,1,50
3917,20,311,9,3.8,1,0,14
3918,16,184,4,4.9,0,1,20
3919,20,662,28,4.5,1,0,24
3920,4,273,8,5.0,1,0,46
3921,12,208,4,4.4,0,1,28
3922,12,650,13,2.6,1,0,32
3923,14,944,55,2.7,0,1,49
3924,7,164,52,2.6,0,1,50
3925,18,288,38,4.7,0,1,33
3926,4,292,31,3.1,1,1,50
3927,14,243,24,3.3,0,1,34
3928,13,614,19,2.7,0,0,33
3929,17,914,11,4.5,0,1,21
3930,11,941,17,4.3,1,0,36
3931,8,446,60,4.5,1,1,50
3932,3,717,35,3.9,1,0,50
3933,1,610,28,3.8,1,0,50
3934,18,694,53,3.1,0,1,40
3935,14,422,40,3.9,0,0,42
3936,6,637,53,2.9,0,0,50
3937,4,142,52,4.7,1,1,50
3938,9,588,31,3.9,1,0,47
3939,9,731,42,3.9,0,0,50
3940,5,611,25,4.2,1,0,50
3941,16,868,4,4.1,0,1,20
3942,10,883,32,4.7,0,0,46
3943,1,768,10,5.0,1,0,50
3944,12,665,60,2.7,0,1,50
3945,12,142,23,4.9,1,1,37
3946,12,710,27,4.2,1,1,39
3947,12,706,48,4.3,0,1,50
3948,7,572,10,2.9,1,1,41
3949,1,772,55,4.2,1,0,50
3950,2,972,16,4.6,1,0,50
3951,16,605,17,4.3,1,0,26
3952,13,429,21,3.4,0,1,34
3953,1,101,53,3.6,1,1,50
3954,4,634,8,4.4,1,0,46
3955,15,656,58,4.6,0,1,49
3956,15,522,49,3.7,1,0,44
3957,12,275,21,3.8,0,1,36
3958,1,956,7,3.0,0,1,50
3959,13,883,36,4.9,0,0,42
3960,20,154,16,3.6,0,0,18
3961,16,351,12,4.4,1,0,24
3962,20,892,12,3.8,0,1,16
3963,19,951,45,4.8,1,1,34
3964,13,901,48,4.4,1,0,48
3965,9,844,35,2.8,0,0,49
3966,19,681,49,4.1,1,0,36
3967,5,481,42,3.0,0,1,50
3968,10,114,21,3.0,1,1,40
3969,20,643,46,4.8,0,1,33
3970,9,926,16,3.7,1,1,40
3971,2,434,56,3.5,0,0,50
3972,7,559,32,4.3,0,0,50
3973,16,423,12,3.5,0,1,24
3974,15,384,23,3.1,0,0,31
3975,9,534,38,3.4,1,0,50
3976,2,236,33,4.8,1,1,50
3977,7,424,56,3.3,0,0,50
3978,13,651,31,3.2,0,1,39
3979,5,414,5,4.6,0,1,42
3980,5,177,5,3.4,1,1,42
3981,9,530,19,4.7,1,1,41
3982,8,303,43,3.9,0,1,50
3983,16,654,56,5.0,1,1,46
3984,1,922,9,3.1,1,1,50
3985,10,846,20,3.7,0,0,40
3986,20,342,9,2.9,1,1,14
3987,2,214,36,4.9,1,0,50
3988,20,239,54,3.7,1,1,37
3989,14,425,20,3.6,0,1,32
3990,12,914,17,3.4,0,0,34
3991,20,106,20,4.5,0,0,20
3992,20,871,5,3.0,0,1,12
3993,2,621,32,3.6,1,0,50
3994,8,263,11,4.3,1,1,39
3995,8,676,46,2.6,1,1,50
3996,11,601,26,2.8,1,0,41
3997,20,997,1,3.3,0,1,10
3998,18,939,56,4.4,0,0,42
3999,3,837,9,3.3,1,1,48
4000,19,712,41,4.5,1,1,32
4001,4,919,15,3.8,0,1,49
4002,6,607,32,2.6,1,0,50
4003,19,845,33,4.9,0,0,28
4004,6,762,20,4.9,1,1,48
4005,4,509,30,2.9,1,0,50
4006,13,778,36,4.6,1,0,42
4007,19,497,1,4.9,0,1,12
4008,8,745,7,3.0,1,0,37
4009,3,607,8,3.0,0,0,48
4010,2,362,49,3.1,1,1,50
4011,10,318,57,4.4,1,1,50
4012,8,340,24,3.7,1,0,46
4013,14,137,48,2.7,0,0,46
4014,2,544,9,3.5,0,1,50
4015,13,802,25,3.1,0,0,36
4016,20,751,12,3.9,1,1,16
4017,18,311,30,2.6,1,0,29
4018,15,980,36,3.5,0,0,38
4019,5,168,34,4.8,0,0,50
4020,5,849,37,2.9,1,0,50
4021,2,601,23,3.0,0,1,50
4022,8,346,1,4.6,1,1,34
4023,3,877,7,4.4,1,1,47
4024,18,250,41,3.3,0,1,34
4025,3,961,2,2.9,0,0,45
4026,11,928,8,4.3,1,1,32
4027,19,605,40,2.8,0,0,32
4028,9,769,33,3.6,1,0,48
4029,11,945,17,4.5,0,0,36
4030,16,805,18,2.8,0,1,27
4031,4,390,15,2.9,1,0,49
4032,14,620,45,3.7,1,0,44
4033,20,313,19,2.9,1,1,19
4034,6,793,25,4.4,0,1,50
4035,19,948,4,4.7,0,1,14
4036,8,715,43,2.6,1,0,50
4037,4,294,16,3.7,1,0,50
4038,4,156,56,2.8,1,1,50
4039,17,209,7,5.0,0,1,19
4040,10,390,4,4.0,1,0,32
4041,18,665,10,4.7,1,1,19
4042,10,458,31,3.4,1,0,45
4043,11,314,52,4.3,0,1,50
4044,12,874,1,4.0,0,1,26
4045,18,622,45,3.9,0,1,36
4046,2,553,9,4.6,1,0,50
4047,4,125,5,5.0,0,0,44
4048,20,998,44,3.9,1,0,32
4049,10,100,40,2.9,0,0,50
4050,10,859,3,3.9,0,1,31
4051,14,632,15,4.4,1,0,29
4052,15,733,36,4.4,0,1,38
4053,15,359,10,3.2,1,1,25
4054,2,486,14,4.8,1,1,50
4055,19,627,11,4.3,1,0,17
4056,6,501,11,4.6,0,1,43
4057,9,651,33,4.8,0,0,48
4058,4,554,46,3.2,1,1,50
4059,3,933,21,2.7,0,0,50
4060,18,559,38,2.9,0,0,33
4061,17,149,6,3.8,1,0,19
4062,5,531,16,4.4,0,1,48
4063,16,747,44,3.5,1,1,40
4064,2,225,1,3.4,0,0,46
4065,14,735,42,3.7,0,1,43
4066,10,928,38,3.4,1,0,49
4067,17,134,46,3.5,1,1,39
4068,7,170,21,3.9,1,1,46
4069,15,835,27,3.4,1,1,33
4070,16,196,36,2.7,0,0,36
4071,4,519,40,3.8,1,1,50
4072,17,588,3,3.6,1,1,17
4073,6,119,53,3.9,0,1,50
4074,2,950,1,4.7,0,1,46
4075,1,228,14,4.8,1,0,50
4076,5,989,52,2.9,0,0,50
4077,6,831,41,3.3,0,1,50
4078,1,528,20,5.0,1,0,50
4079,18,449,39,2.9,1,1,33
4080,18,834,28,2.6,1,1,28
4081,13,491,28,3.4,0,0,38
4082,2,122,56,4.0,1,1,50
4083,5,403,33,2.7,1,1,50
4084,2,765,19,4.4,1,0,50
4085,5,167,54,3.7,0,0,50
4086,14,507,14,2.8,0,1,29
4087,7,522,10,2.9,1,0,41
4088,18,475,23,4.4,1,0,25
4089,17,222,43,3.1,0,0,37
4090,3,351,49,2.8,0,1,50
4091,1,710,14,4.6,0,1,50
4092,12,619,26,2.8,0,0,39
4093,4,666,17,4.4,1,0,50
4094,9,115,53,3.2,0,0,50
4095,17,288,38,3.7,1,0,35
4096,14,600,15,4.2,1,0,29
4097,11,551,53,3.8,0,1,50
4098,9,358,21,3.5,1,0,42
4099,20,297,27,4.5,1,1,23
4100,8,490,4,3.2,1,1,36
4101,12,170,43,4.6,0,1,47
4102,18,686,52,4.2,1,1,40
4103,7,295,29,4.0,1,1,50
4104,6,523,13,3.7,0,0,44
4105,16,322,18,4.5,0,1,27
4106,18,823,26,3.4,0,0,27
4107,6,424,52,2.6,0,0,50
4108,5,846,25,4.2,1,1,50
4109,18,573,13,4.7,0,0,20
4110,20,720,27,4.4,1,1,23
4111,7,272,47,4.0,1,1,50
4112,5,343,12,4.9,0,0,46
4113,14,158,5,2.8,1,1,24
4114,8,993,12,3.0,1,0,40
4115,17,488,9,4.0,0,1,20
4116,1,258,38,2.8,1,1,50
4117,3,658,41,3.5,1,0,50
4118,15,128,47,3.0,1,0,43
4119,8,800,45,4.5,1,1,50
4120,9,998,60,4.0,0,0,50
4121,8,545,48,2.6,1,1,50
4122,17,256,6,4.5,1,0,19
4123,6,635,34,2.6,1,1,50
4124,12,212,43,2.5,0,0,47
4125,5,997,9,4.5,0,0,44
4126,13,595,23,2.8,0,1,35
4127,1,585,32,4.4,0,1,50
4128,8,919,31,2.6,1,1,49
4129,9,108,19,2.8,1,1,41
4130,2,564,6,2.5,0,1,49
4131,2,629,22,4.7,0,0,50
4132,5,345,47,3.8,1,1,50
4133,1,940,18,3.5,1,1,50
4134,19,884,57,5.0,0,1,40
4135,8,931,43,3.4,0,0,50
4136,3,429,48,4.3,0,0,50
4137,12,227,60,2.9,0,1,50
4138,18,878,31,2.5,1,1,29
4139,12,237,18,4.6,1,0,35
4140,16,433,52,3.5,0,1,44
4141,12,481,18,4.4,0,0,35
4142,12,421,27,4.2,0,0,39
4143,4,237,35,3.0,1,0,50
4144,12,918,18,2.5,1,1,35
4145,13,444,16,2.9,0,1,32
4146,14,381,50,3.5,1,1,47
4147,4,497,28,3.8,1,1,50
4148,5,275,32,4.4,0,1,50
4149,15,260,55,3.2,0,0,47
4150,2,756,2,3.7,0,0,47
4151,15,583,29,3.8,0,1,34
4152,15,296,56,3.0,0,1,48
4153,5,409,51,4.1,1,1,50
4154,6,198,27,2.6,0,0,50
4155,7,735,25,3.3,0,1,48
4156,19,719,59,4.5,1,1,41
4157,8,499,1,3.4,0,0,34
4158,3,170,32,3.4,0,0,50
4159,4,304,27,2.7,1,1,50
4160,2,634,23,2.7,1,1,50
4161,3,277,7,4.4,1,1,47
4162,10,466,29,4.4,0,1,44
4163,2,304,43,2.7,1,0,50
4164,7,402,48,2.7,1,1,50
4165,16,563,3,3.6,1,1,19
4166,20,375,16,3.5,1,1,18
4167,13,426,53,4.8,0,1,50
4168,1,772,50,2.7,0,0,50
4169,7,677,21,4.0,1,0,46
4170,19,798,60,4.1,0,1,42
4171,13,864,59,2.5,0,0,50
4172,1,941,46,5.0,1,0,50
4173,20,687,27,4.3,0,1,23
4174,13,998,42,2.7,1,1,45
4175,4,951,26,2.7,0,0,50
4176,19,270,9,3.6,0,1,16
4177,11,697,38,4.8,0,0,47
4178,14,189,22,3.3,0,0,33
4179,6,682,1,3.2,0,0,38
4180,3,170,49,4.9,1,1,50
4181,12,471,23,3.1,0,0,37
4182,4,344,18,4.7,0,0,50
4183,8,746,52,4.2,0,0,50
4184,18,751,56,3.6,0,1,42
4185,11,870,36,3.0,1,0,46
4186,10,825,19,3.1,0,0,39
4187,4,102,57,4.1,0,0,50
4188,5,165,1,3.4,0,1,40
4189,6,559,32,3.3,0,0,50
4190,1,655,34,4.8,1,1,50
4191,2,845,17,4.6,0,0,50
4192,6,695,53,2.6,0,1,50
4193,10,713,26,2.9,0,1,43
4194,16,712,47,3.5,0,1,41
4195,8,503,8,4.3,1,1,38
4196,7,199,39,4.8,0,1,50
4197,8,523,24,2.9,0,0,46
4198,10,276,42,4.7,1,1,50
4199,20,248,55,2.6,0,0,37
4200,16,131,21,3.9,0,0,28
4201,18,345,6,2.9,1,0,17
4202,14,724,9,4.6,0,1,26
4203,12,807,12,3.2,0,0,32
4204,20,924,26,4.4,1,1,23
4205,14,960,26,2.8,1,0,35
4206,8,288,37,3.3,1,0,50
4207,17,937,10,2.5,1,0,21
4208,10,439,19,3.4,0,0,39
4209,12,843,49,4.6,1,1,50
4210,1,336,29,2.9,0,1,50
4211,3,1000,52,4.5,1,0,50
4212,9,719,11,4.3,0,1,37
4213,5,458,33,3.5,0,1,50
4214,15,899,34,3.2,1,1,37
4215,3,306,9,2.9,1,1,48
4216,16,579,16,3.8,1,1,26
4217,20,280,52,3.8,0,0,36
4218,17,383,31,2.6,1,1,31
4219,4,885,27,3.7,0,0,50
4220,6,437,36,3.8,1,0,50
4221,20,688,30,3.3,1,0,25
4222,8,572,53,3.4,1,0,50
4223,7,165,24,3.2,1,1,48
4224,2,562,9,3.1,0,1,50
4225,18,753,18,3.9,1,1,23
4226,19,263,19,2.6,1,0,21
4227,6,676,17,2.7,0,0,46
4228,9,777,1,2.7,1,1,32
4229,15,264,40,2.5,1,1,40
4230,8,964,60,4.8,0,0,50
4231,14,318,30,4.5,0,0,37
4232,18,875,53,4.8,1,0,40
4233,1,148,41,3.8,0,0,50
4234,12,540,39,3.0,1,0,45
4235,7,269,29,4.0,1,1,50
4236,19,619,43,4.6,1,1,33
4237,16,820,54,3.0,1,1,45
4238,11,657,8,3.7,0,1,32
4239,7,251,39,3.4,0,0,50
4240,17,244,36,3.5,0,0,34
4241,15,346,19,3.8,1,0,29
4242,5,203,15,4.2,0,1,47
4243,14,743,23,2.7,0,0,33
4244,18,318,50,4.8,1,0,39
4245,5,765,27,3.9,0,1,50
4246,17,998,51,4.0,1,1,41
4247,13,982,17,2.6,1,1,32
4248,10,982,11,3.6,0,1,35
4249,9,584,21,4.6,1,0,42
4250,8,966,2,4.0,1,0,35
4251,15,123,52,2.8,1,0,46
4252,18,719,19,3.8,1,0,23
4253,17,278,39,3.9,0,1,35
4254,8,697,35,2.5,0,1,50
4255,10,733,60,2.8,0,1,50
4256,8,895,22,4.7,1,0,45
4257,20,282,2,4.1,1,1,11
4258,15,270,25,3.7,1,1,32
4259,7,947,41,4.1,1,0,50
4260,19,754,31,3.1,1,0,27
4261,17,436,14,3.8,0,1,23
4262,17,368,8,3.8,1,1,20
4263,17,705,14,3.8,1,0,23
4264,9,416,54,3.9,0,1,50
4265,2,726,40,4.2,0,1,50
4266,11,895,20,3.3,0,1,38
4267,17,322,29,3.0,1,1,30
4268,16,304,4,4.3,0,0,20
4269,14,775,41,4.0,1,1,42
4270,10,963,54,3.8,1,1,50
4271,9,266,53,3.1,1,0,50
4272,16,610,60,4.3,1,1,48
4273,8,686,25,2.7,0,0,46
4274,12,396,53,4.3,1,0,50
4275,7,815,16,3.3,1,0,44
4276,2,481,9,4.2,1,1,50
4277,3,318,37,4.9,0,1,50
4278,20,914,44,4.8,1,1,32
4279,2,235,30,3.3,0,1,50
4280,10,507,19,4.1,0,1,39
4281,12,123,19,3.3,0,0,35
4282,3,620,2,3.3,0,0,45
4283,5,651,31,3.3,0,1,50
4284,16,249,10,4.0,1,0,23
4285,17,266,43,3.7,1,0,37
4286,2,318,7,3.1,1,1,49
4287,8,891,5,3.6,0,1,36
4288,5,617,36,4.3,0,0,50
4289,9,387,17,4.6,1,1,40
4290,10,562,25,2.9,0,1,42
4291,15,980,59,3.4,0,0,49
4292,3,690,28,4.4,1,0,50
4293,1,840,40,3.1,1,0,50
4294,4,970,31,3.5,0,0,50
4295,20,198,19,4.6,1,0,19
4296,4,894,24,4.8,0,0,50
4297,9,983,7,3.0,0,1,35
4298,1,283,17,4.7,1,0,50
4299,10,242,27,4.9,1,0,43
4300,13,258,45,3.3,0,0,46
4301,1,921,56,3.6,0,0,50
4302,15,419,52,4.1,0,0,46
4303,6,468,1,3.9,1,1,38
4304,3,132,18,4.9,1,0,50
4305,9,934,35,3.6,1,1,49
4306,18,407,10,4.3,1,1,19
4307,2,848,18,4.2,1,1,50
4308,5,460,29,4.3,0,1,50
4309,7,948,27,4.8,1,1,49
4310,18,287,57,3.4,1,1,42
4311,19,226,25,3.5,1,0,24
4312,5,578,37,5.0,1,1,50
4313,15,200,34,4.0,1,1,37
4314,17,532,26,5.0,1,1,29
4315,14,437,59,4.1,1,1,50
4316,2,124,35,3.0,1,0,50
4317,19,833,2,4.5,0,1,13
4318,4,244,55,4.9,0,0,50
4319,20,499,37,4.3,0,0,28
4320,16,681,8,3.5,1,0,22
4321,15,338,12,4.0,0,0,26
4322,18,497,37,3.3,0,0,32
4323,8,980,10,3.7,1,0,39
4324,13,403,39,3.3,1,1,43
4325,20,505,4,3.5,1,1,12
4326,15,250,5,2.7,1,1,22
4327,15,559,48,2.8,1,1,44
4328,10,104,49,3.1,1,0,50
4329,17,232,41,4.2,1,1,36
4330,12,929,1,3.9,1,1,26
4331,17,622,25,4.7,0,0,28
4332,17,798,46,3.3,0,0,39
4333,3,128,47,3.2,0,1,50
4334,9,583,6,4.3,0,1,35
4335,20,306,14,3.3,1,0,17
4336,9,425,24,3.0,0,1,44
4337,4,245,29,3.4,0,0,50
4338,18,574,3,4.4,0,1,15
4339,16,659,21,3.0,0,1,28
4340,4,331,46,3.4,0,0,50
4341,4,758,49,2.6,0,0,50
4342,14,976,9,4.5,1,1,26
4343,16,757,60,4.4,1,1,48
4344,14,782,49,4.3,0,0,46
4345,13,327,17,2.9,1,0,32
4346,12,288,8,4.5,0,0,30
4347,11,733,28,4.3,0,0,42
4348,2,706,14,4.0,0,0,50
4349,5,622,10,4.1,0,1,45
4350,12,348,18,3.0,0,0,35
4351,4,878,48,3.9,1,1,50
4352,12,563,10,2.8,0,1,31
4353,15,123,37,2.8,1,1,38
4354,20,191,3,3.4,0,0,11
4355,16,401,11,3.3,1,0,23
4356,8,262,56,3.7,0,0,50
4357,5,205,9,3.5,1,1,44
4358,16,533,23,5.0,0,0,29
4359,14,650,26,3.7,1,1,35
4360,20,154,25,4.9,1,1,22
4361,13,485,30,3.8,1,0,39
4362,15,350,57,3.8,0,1,48
4363,18,862,7,4.6,0,0,17
4364,17,633,54,4.4,0,1,43
4365,16,566,42,4.1,1,1,39
4366,6,622,41,4.5,0,0,50
4367,6,935,51,4.6,1,1,50
4368,15,159,11,3.9,1,1,25
4369,8,958,40,3.6,0,0,50
4370,8,422,13,4.7,0,0,40
4371,10,204,55,4.9,1,1,50
4372,7,803,9,3.2,1,1,40
4373,12,774,57,4.3,0,0,50
4374,6,764,22,3.4,0,0,49
4375,12,690,35,4.1,1,0,43
4376,9,960,31,3.5,0,1,47
4377,19,532,51,3.3,0,0,37
4378,1,391,33,4.0,1,1,50
4379,16,555,19,2.6,1,1,27
4380,18,836,23,4.5,0,0,25
4381,11,406,14,3.8,1,0,35
4382,19,953,12,4.4,1,1,18
4383,6,419,16,4.3,1,1,46
4384,6,611,21,4.5,0,0,48
4385,2,855,49,3.6,0,0,50
4386,17,404,25,2.6,0,0,28
4387,12,388,26,4.2,1,0,39
4388,20,125,26,4.2,0,0,23
4389,19,245,58,4.5,0,0,41
4390,1,166,57,3.9,0,1,50
4391,6,132,5,4.9,1,0,40
4392,15,927,30,4.9,0,0,35
4393,3,144,25,3.6,0,1,50
4394,4,863,7,2.7,1,1,45
4395,17,497,23,4.3,0,1,27
4396,8,795,9,2.9,1,1,38
4397,15,886,36,4.9,1,1,38
4398,6,895,51,4.2,0,1,50
4399,6,134,9,3.4,1,1,42
4400,16,304,58,4.3,1,1,47
4401,17,525,1,4.3,1,1,16
4402,3,794,41,4.3,1,1,50
4403,2,559,26,2.7,0,0,50
4404,1,739,1,3.2,0,0,48
4405,17,209,56,3.9,1,1,44
4406,14,409,2,4.4,1,1,23
4407,9,853,1,3.1,1,1,32
4408,19,905,18,3.5,0,0,21
4409,14,348,43,3.4,0,1,43
4410,12,498,56,4.2,1,1,50
4411,20,491,51,4.0,0,1,35
4412,11,259,33,4.0,0,0,44
4413,1,446,38,4.6,1,1,50
4414,15,490,57,4.7,1,0,48
4415,13,889,45,2.9,0,0,46
4416,13,593,1,2.5,1,1,24
4417,5,205,44,4.7,1,1,50
4418,11,834,36,3.8,1,0,46
4419,5,808,20,3.9,0,0,50
4420,19,873,25,3.0,0,0,24
4421,5,307,18,3.1,0,1,49
4422,20,237,52,3.8,0,0,36
4423,4,459,21,2.8,0,1,50
4424,15,928,12,2.8,1,0,26
4425,1,839,29,3.6,0,1,50
4426,13,647,9,4.3,1,0,28
4427,8,409,30,2.7,1,1,49
4428,1,333,29,2.6,0,1,50
4429,18,736,56,3.9,0,0,42
4430,8,830,2,4.9,0,0,35
4431,14,930,30,3.5,1,1,37
4432,12,333,33,3.3,1,0,42
4433,3,819,32,3.8,1,0,50
4434,7,375,46,4.6,1,1,50
4435,10,476,34,4.2,1,1,47
4436,12,402,39,3.9,0,0,45
4437,5,497,38,3.0,1,0,50
4438,17,372,9,3.2,1,0,20
4439,3,493,7,3.8,1,0,47
4440,7,522,50,3.5,1,0,50
4441,12,146,12,4.9,0,1,32
4442,18,566,40,3.0,1,0,34
4443,20,942,33,3.4,0,1,26
4444,1,231,1,3.8,0,0,48
4445,17,330,27,4.3,0,0,29
4446,3,600,10,3.1,1,0,49
4447,2,904,19,3.6,1,0,50
4448,17,357,43,4.5,0,1,37
4449,20,743,44,3.1,0,1,32
4450,20,253,46,2.6,1,0,33
4451,19,251,7,4.6,1,1,15
4452,20,105,33,3.5,0,1,26
4453,4,438,52,4.9,1,0,50
4454,13,534,2,2.6,1,1,25
4455,1,100,25,2.5,1,0,50
4456,13,926,57,4.4,1,0,50
4457,6,869,49,2.5,0,1,50
4458,17,615,3,3.4,1,1,17
4459,3,605,3,3.2,0,1,45
4460,6,374,46,4.1,1,0,50
4461,18,552,59,3.1,1,0,43
4462,1,823,41,3.9,0,1,50
4463,11,870,49,3.6,0,0,50
4464,20,802,49,4.9,0,1,34
4465,6,867,27,4.8,1,1,50
4466,16,392,1,4.4,0,1,18
4467,8,974,34,3.3,1,0,50
4468,16,558,3,4.5,0,1,19
4469,9,442,8,4.8,1,0,36
4470,8,760,34,4.7,0,1,50
4471,10,800,24,4.9,1,0,42
4472,7,561,24,3.1,1,0,48
4473,20,934,16,4.9,1,0,18
4474,15,806,22,2.7,1,0,31
4475,14,516,34,3.3,1,0,39
4476,9,821,31,3.4,1,0,47
4477,20,625,2,3.4,0,1,11
4478,14,943,5,4.4,0,1,24
4479,6,315,22,4.9,1,0,49
4480,12,663,3,4.5,1,1,27
4481,16,379,47,4.6,0,1,41
4482,2,584,20,4.1,1,0,50
4483,4,489,29,2.9,0,1,50
4484,18,909,10,4.0,1,1,19
4485,13,792,24,4.8,1,0,36
4486,12,951,29,3.9,1,0,40
4487,2,318,34,3.1,1,0,50
4488,1,939,49,4.7,0,1,50
4489,5,713,60,4.0,1,0,50
4490,5,758,25,4.5,0,1,50
4491,17,717,16,4.9,0,0,24
4492,9,363,7,4.0,1,1,35
4493,8,213,26,2.9,1,1,47
4494,19,268,50,5.0,1,0,37
4495,10,964,56,3.2,0,1,50
4496,6,330,12,4.2,1,1,44
4497,15,916,1,3.4,0,1,20
4498,5,492,24,3.0,1,0,50
4499,4,608,17,4.4,0,1,50
4500,12,425,46,4.4,1,0,49
4501,3,889,1,2.8,1,0,44
4502,19,204,56,4.7,1,0,40
4503,10,906,30,4.3,1,0,45
4504,17,172,55,4.0,1,1,43
4505,16,278,41,4.4,1,0,38
4506,11,553,55,2.9,0,1,50
4507,12,109,56,3.4,1,0,50
4508,7,858,6,3.4,0,1,39
4509,20,139,27,4.2,1,0,23
4510,7,179,12,4.8,0,1,42
4511,8,426,54,4.4,1,0,50
4512,20,675,30,3.9,1,0,25
4513,15,244,14,3.4,1,1,27
4514,12,374,47,3.3,1,0,49
4515,4,676,18,4.5,1,1,50
4516,17,896,50,3.6,0,0,41
4517,6,292,6,3.5,1,0,41
4518,10,905,36,3.2,0,1,48
4519,12,375,17,2.9,1,1,34
4520,3,771,44,2.8,0,0,50
4521,11,773,19,4.0,0,1,37
4522,15,846,60,3.5,1,1,50
4523,6,347,45,2.8,0,1,50
4524,10,866,37,3.5,1,0,48
4525,17,539,60,4.3,0,0,46
4526,18,382,27,4.0,0,1,27
4527,16,900,42,2.6,1,1,39
4528,6,947,57,3.4,0,0,50
4529,4,209,8,3.5,0,1,46
4530,15,140,4,2.5,0,0,22
4531,10,618,22,2.5,1,1,41
4532,17,746,31,3.5,1,0,31
4533,2,857,44,2.7,0,1,50
4534,17,459,22,3.0,0,0,27
4535,9,702,1,3.4,1,1,32
4536,4,190,7,4.6,1,1,45
4537,12,780,51,4.1,1,0,50
4538,18,916,35,3.1,1,0,31
4539,7,343,9,2.9,0,0,40
4540,13,382,42,2.6,0,0,45
4541,1,569,37,4.3,0,1,50
4542,1,749,32,3.7,1,1,50
4543,4,262,36,4.0,1,1,50
4544,17,625,34,3.2,0,1,33
4545,17,609,50,2.5,0,1,41
4546,7,265,11,3.8,1,0,41
4547,7,123,22,2.7,0,1,47
4548,5,668,43,3.9,1,1,50
4549,2,995,55,2.9,0,0,50
4550,16,676,39,2.6,0,0,37
4551,6,610,41,4.7,0,0,50
4552,7,241,9,5.0,0,1,40
4553,17,936,34,3.9,1,0,33
4554,12,935,21,3.2,1,0,36
4555,14,858,50,3.0,0,0,47
4556,15,902,52,2.9,1,0,46
4557,11,537,53,3.4,1,0,50
4558,5,418,7,4.6,0,0,43
4559,5,343,42,4.4,1,1,50
4560,6,778,13,4.9,0,0,44
4561,18,493,40,5.0,0,1,34
4562,15,364,29,3.7,0,0,34
4563,15,141,28,5.0,1,1,34
4564,11,723,31,4.7,0,0,43
4565,7,767,33,4.7,0,1,50
4566,10,700,34,3.9,0,0,47
4567,4,340,2,4.0,0,1,43
4568,8,791,1,5.0,0,1,34
4569,7,106,58,4.3,1,0,50
4570,7,567,1,3.6,0,1,36
4571,4,684,59,3.0,0,0,50
4572,13,671,25,4.9,0,1,36
4573,11,118,29,4.4,0,0,42
4574,20,390,53,4.0,0,1,36
4575,17,486,2,3.3,0,1,17
4576,10,442,4,3.9,0,1,32
4577,6,875,17,2.9,1,0,46
4578,13,679,56,3.9,0,1,50
4579,12,903,49,3.2,1,1,50
4580,8,927,2,2.8,1,0,35
4581,7,489,51,2.9,1,1,50
4582,16,501,23,3.9,1,0,29
4583,4,942,58,4.5,1,1,50
4584,16,160,20,4.7,1,1,28
4585,9,235,4,4.3,1,0,34
4586,6,701,48,5.0,0,0,50
4587,1,531,27,4.0,1,1,50
4588,15,663,21,4.9,1,0,30
4589,12,333,28,3.7,1,0,40
4590,6,208,12,3.6,1,0,44
4591,15,510,32,4.9,0,0,36
4592,7,408,30,2.7,0,0,50
4593,14,252,28,4.8,1,1,36
4594,13,110,55,2.8,0,1,50
4595,6,948,50,4.5,0,0,50
4596,2,459,44,3.5,1,0,50
4597,18,150,24,3.8,0,0,26
4598,12,117,51,3.7,1,1,50
4599,7,205,18,4.0,1,0,45
4600,20,951,54,4.5,1,0,37
4601,16,365,4,3.2,0,0,20
4602,8,909,40,3.8,1,1,50
4603,6,711,59,4.5,1,0,50
4604,3,284,48,3.1,0,1,50
4605,11,492,51,3.6,0,0,50
4606,5,459,56,4.9,0,0,50
4607,16,916,46,4.9,1,0,41
4608,18,631,21,4.0,0,0,24
4609,4,460,42,4.6,0,0,50
4610,19,305,52,3.9,1,0,38
4611,5,369,9,4.5,0,1,44
4612,18,401,58,3.2,1,0,43
4613,15,499,32,3.9,1,1,36
4614,9,882,17,2.7,1,1,40
4615,11,297,25,3.2,1,0,40
4616,5,429,15,2.6,1,0,47
4617,16,986,3,3.8,0,1,19
4618,5,644,11,4.8,1,1,45
4619,1,408,44,4.3,0,0,50
4620,14,365,54,3.1,0,1,49
4621,18,595,52,2.5,1,0,40
4622,1,931,36,3.2,1,1,50
4623,18,898,32,4.2,0,0,30
4624,7,527,9,3.4,0,0,40
4625,20,873,40,3.8,1,0,30
4626,9,361,30,5.0,1,1,47
4627,6,391,45,3.1,1,1,50
4628,7,868,57,3.4,0,1,50
4629,15,807,28,2.9,1,0,34
4630,11,676,44,4.2,0,1,50
4631,2,691,15,2.7,1,1,50
4632,11,260,11,4.5,0,1,33
4633,16,215,11,3.8,1,0,23
4634,3,386,55,3.4,1,0,50
4635,15,785,29,3.0,1,1,34
4636,19,693,22,4.8,1,0,23
4637,13,585,23,3.4,1,1,35
4638,8,422,34,3.7,0,0,50
4639,3,301,44,4.0,0,0,50
4640,2,356,38,3.4,1,0,50
4641,16,119,48,3.0,0,0,42
4642,16,479,11,3.9,1,1,23
4643,2,330,49,3.7,1,1,50
4644,9,440,36,3.3,0,0,50
4645,18,648,51,4.5,0,0,39
4646,13,607,56,4.1,1,0,50
4647,5,618,57,4.2,1,0,50
4648,12,854,27,4.3,0,1,39
4649,12,447,46,4.4,0,1,49
4650,6,724,53,4.6,0,1,50
4651,19,139,15,4.2,0,0,19
4652,8,661,54,4.9,0,1,50
4653,9,143,7,3.5,0,0,35
4654,18,618,11,3.3,0,1,19
4655,15,170,16,3.7,1,1,28
4656,18,549,1,3.2,0,1,14
4657,18,111,47,2.9,0,1,37
4658,13,989,4,4.6,1,1,26
4659,9,294,46,4.5,0,1,50
4660,13,721,5,3.8,0,1,26
4661,2,916,28,4.8,0,1,50
4662,20,446,41,4.4,0,0,30
4663,5,772,1,2.9,0,0,40
4664,5,811,3,3.5,0,0,41
4665,5,223,41,2.7,0,1,50
4666,12,253,23,2.9,1,0,37
4667,7,734,48,3.0,1,1,50
4668,10,740,20,3.3,1,1,40
4669,7,165,4,4.2,0,0,38
4670,12,386,24,2.9,1,0,38
4671,16,843,29,3.6,1,0,32
4672,9,852,7,4.8,0,0,35
4673,2,448,29,4.1,0,0,50
4674,6,888,22,4.3,1,0,49
4675,18,177,6,2.9,0,1,17
4676,8,334,25,3.3,0,1,46
4677,17,466,18,4.7,0,0,25
4678,20,688,31,3.1,1,1,25
4679,2,439,2,3.2,1,1,47
4680,9,598,56,4.8,0,0,50
4681,10,879,22,4.0,1,0,41
4682,8,247,8,4.7,0,1,38
4683,16,870,37,3.4,1,0,36
4684,8,904,24,2.9,0,0,46
4685,9,656,3,4.1,1,1,33
4686,3,421,28,4.1,1,0,50
4687,8,467,56,2.9,1,1,50
4688,19,633,31,4.0,0,0,27
4689,13,347,16,3.8,1,0,32
4690,9,713,33,3.3,1,1,48
4691,16,870,26,4.2,0,0,31
4692,2,420,41,3.1,0,1,50
4693,8,997,29,4.1,0,0,48
4694,14,944,53,3.4,0,0,48
4695,2,700,3,3.6,1,1,47
4696,11,833,29,3.7,0,0,42
4697,5,146,50,4.5,1,0,50
4698,6,732,44,3.7,0,0,50
4699,1,833,10,3.8,1,0,50
4700,16,293,54,3.4,1,0,45
4701,2,163,10,3.7,1,1,50
4702,4,473,18,3.9,1,0,50
4703,19,129,47,4.5,0,1,35
4704,16,830,10,4.6,1,1,23
4705,12,621,23,2.8,1,0,37
4706,4,217,15,4.9,1,0,49
4707,9,641,10,2.8,1,1,37
4708,10,244,36,3.4,0,1,48
4709,10,313,15,4.8,1,0,37
4710,11,262,35,3.2,0,0,45
4711,14,595,19,3.2,0,0,31
4712,15,502,36,3.9,0,0,38
4713,2,299,42,3.2,0,0,50
4714,14,406,27,2.7,0,0,35
4715,19,201,21,4.4,1,0,22
4716,20,722,24,4.7,1,1,22
4717,1,980,43,4.0,1,0,50
4718,17,591,57,2.9,1,0,44
4719,7,583,15,2.5,1,0,43
4720,16,588,30,3.8,0,0,33
4721,18,689,55,3.6,0,0,41
4722,16,383,43,4.6,0,1,39
4723,19,727,22,4.0,1,1,23
4724,17,479,24,4.0,0,1,28
4725,10,223,42,4.7,1,0,50
4726,4,476,48,3.0,1,1,50
4727,20,731,21,4.9,1,0,20
4728,2,367,18,5.0,0,0,50
4729,1,505,24,3.6,1,0,50
4730,18,555,5,3.0,0,1,16
4731,3,527,3,4.7,0,0,45
4732,4,585,60,4.4,1,0,50
4733,1,603,21,3.9,1,1,50
4734,8,872,12,3.8,0,1,40
4735,18,350,29,2.9,0,1,28
4736,1,520,50,4.8,0,1,50
4737,2,637,27,3.7,0,0,50
4738,20,847,1,4.4,1,1,10
4739,16,592,49,3.1,0,0,42
4740,2,309,4,3.4,0,0,48
4741,14,617,22,4.0,0,1,33
4742,7,745,60,4.5,1,0,50
4743,14,504,1,4.2,1,1,22
4744,3,969,53,3.0,1,1,50
4745,11,494,13,4.2,1,1,34
4746,15,925,41,4.3,1,0,40
4747,1,414,46,3.2,1,0,50
4748,1,362,29,3.3,0,1,50
4749,17,144,43,3.1,0,1,37
4750,8,848,15,4.6,0,0,41
4751,18,427,5,3.3,0,1,16
4752,3,476,39,3.0,0,0,50
4753,5,117,1,3.4,1,0,40
4754,3,889,31,5.0,0,0,50
4755,4,192,40,3.8,0,1,50
4756,20,809,18,4.3,0,1,19
4757,15,441,16,3.0,0,1,28
4758,15,167,13,3.4,1,1,26
4759,14,395,56,4.9,1,0,50
4760,10,709,22,2.6,1,1,41
4761,12,601,60,3.3,1,1,50
4762,3,846,52,3.5,0,0,50
4763,17,677,57,3.8,1,0,44
4764,7,833,59,2.6,1,1,50
4765,12,480,24,2.7,0,1,38
4766,12,777,49,3.5,1,0,50
4767,8,331,53,3.5,1,0,50
4768,20,194,47,3.8,1,1,33
4769,8,676,48,4.8,1,0,50
4770,5,733,23,2.5,1,0,50
4771,10,768,24,3.2,0,0,42
4772,16,732,40,3.9,1,0,38
4773,9,982,23,3.1,1,0,43
4774,7,778,3,4.0,1,0,37
4775,2,747,15,4.1,1,0,50
4776,4,811,21,4.8,1,0,50
4777,16,668,56,4.0,1,1,46
4778,13,993,59,3.0,1,1,50
4779,4,757,14,4.4,1,1,49
4780,10,990,33,2.6,0,0,46
4781,3,375,20,4.1,1,1,50
4782,12,179,46,2.8,0,0,49
4783,5,568,10,3.8,1,0,45
4784,15,135,14,4.3,0,1,27
4785,17,731,55,3.5,1,0,43
4786,17,276,18,3.4,0,0,25
4787,20,211,15,2.7,0,1,17
4788,6,439,49,3.1,1,1,50
4789,4,465,15,4.1,0,0,49
4790,2,473,15,2.7,0,0,50
4791,14,660,40,2.7,0,1,42
4792,1,602,47,3.2,1,1,50
4793,19,298,13,2.9,1,0,18
4794,15,581,29,4.6,1,1,34
4795,20,621,45,3.3,1,1,32
4796,5,513,40,5.0,0,0,50
4797,16,400,16,3.5,1,1,26
4798,2,347,39,3.6,0,0,50
4799,3,449,19,4.0,1,0,50
4800,9,950,36,2.6,1,1,50
4801,2,219,4,2.7,1,0,48
4802,19,886,60,2.9,1,1,42
4803,20,389,14,4.0,1,1,17
4804,4,176,51,4.4,0,1,50
4805,8,561,41,4.9,1,1,50
4806,2,346,48,3.2,1,1,50
4807,3,615,14,5.0,0,1,50
4808,2,416,10,3.4,1,1,50
4809,14,528,60,4.8,1,1,50
4810,14,363,22,3.7,0,0,33
4811,15,395,3,4.1,0,1,21
4812,8,924,16,4.1,1,0,42
4813,18,183,12,5.0,0,1,20
4814,17,863,15,3.9,0,1,23
4815,15,704,36,4.4,0,1,38
4816,5,108,21,4.3,0,1,50
4817,15,810,15,3.2,1,0,27
4818,2,513,42,4.7,0,1,50
4819,4,542,33,5.0,1,0,50
4820,6,786,35,2.9,1,1,50
4821,15,995,45,4.0,1,1,42
4822,14,999,6,3.9,1,1,25
4823,17,105,12,4.3,1,1,22
4824,20,207,34,3.9,1,0,27
4825,12,922,26,4.7,1,1,39
4826,1,640,54,4.1,0,0,50
4827,13,542,51,3.4,0,1,49
4828,16,455,17,2.8,0,1,26
4829,6,589,11,4.4,1,1,43
4830,20,268,37,2.7,0,1,28
4831,13,846,28,2.8,1,1,38
4832,8,290,30,4.9,1,1,49
4833,5,639,8,2.8,0,0,44
4834,19,741,56,4.4,1,0,40
4835,7,488,33,4.6,1,0,50
4836,15,140,6,3.4,1,1,23
4837,18,754,23,3.9,1,1,25
4838,16,906,11,3.7,0,1,23
4839,10,890,15,3.0,0,0,37
4840,19,576,21,3.5,0,0,22
4841,9,749,39,3.9,1,0,50
4842,13,419,10,3.3,0,1,29
4843,18,549,17,4.5,1,1,22
4844,3,820,46,3.2,0,0,50
4845,10,398,35,4.1,0,0,47
4846,1,479,46,3.3,0,1,50
4847,15,200,15,2.9,0,0,27
4848,13,764,20,3.1,0,1,34
4849,15,141,34,3.9,0,1,37
4850,4,868,59,4.8,1,0,50
4851,13,109,10,4.7,0,0,29
4852,2,513,1,3.1,1,1,46
4853,12,164,33,3.7,1,1,42
4854,20,468,47,3.3,1,0,33
4855,11,976,34,4.8,0,1,45
4856,3,615,29,4.0,0,0,50
4857,15,837,7,4.1,1,1,23
4858,1,267,3,3.8,1,1,49
4859,18,223,10,5.0,1,1,19
4860,17,670,42,4.8,1,1,37
4861,20,551,56,4.9,1,0,38
4862,19,369,6,4.3,1,1,15
4863,9,777,23,4.0,1,0,43
4864,4,450,31,4.2,0,1,50
4865,19,548,19,4.5,0,1,21
4866,8,834,14,3.5,1,0,41
4867,6,939,17,3.9,0,1,46
4868,12,843,57,5.0,1,0,50
4869,20,259,22,4.2,0,1,21
4870,9,963,39,4.1,0,1,50
4871,5,338,55,4.3,1,0,50
4872,15,729,9,4.6,1,0,24
4873,10,930,34,4.2,1,0,47
4874,11,714,13,4.3,0,1,34
4875,19,934,7,4.8,0,1,15
4876,14,486,18,3.2,0,0,31
4877,9,250,29,4.7,1,1,46
4878,8,251,51,2.9,1,0,50
4879,10,974,12,5.0,1,0,36
4880,20,241,41,3.1,0,1,30
4881,9,450,39,2.7,1,1,50
4882,11,302,39,4.0,0,1,47
4883,7,566,51,4.0,0,1,50
4884,2,879,2,4.3,1,0,47
4885,7,370,33,3.0,0,1,50
4886,11,181,32,4.0,0,0,44
4887,11,727,29,3.0,1,0,42
4888,4,652,56,4.0,0,0,50
4889,9,276,22,2.5,1,1,43
4890,3,598,40,2.9,0,1,50
4891,12,348,19,4.7,1,0,35
4892,20,205,59,4.7,0,0,39
4893,9,866,55,4.3,0,0,50
4894,11,524,57,3.8,1,1,50
4895,10,726,42,4.6,0,0,50
4896,1,425,54,2.7,0,0,50
4897,3,559,45,2.7,0,0,50
4898,9,302,40,4.7,1,0,50
4899,3,986,9,3.9,0,0,48
4900,18,765,4,4.6,0,1,16
4901,1,325,36,2.7,1,0,50
4902,5,585,34,3.1,0,0,50
4903,5,152,36,2.6,0,1,50
4904,12,820,57,4.1,0,1,50
4905,15,938,30,4.5,1,1,35
4906,16,199,50,3.0,1,0,43
4907,13,755,14,2.5,1,0,31
4908,1,117,12,2.5,0,0,50
4909,17,818,13,2.8,0,0,22
4910,8,487,44,4.2,1,1,50
4911,20,480,4,4.3,0,1,12
4912,15,939,59,4.2,0,1,49
4913,11,868,29,3.0,0,0,42
4914,5,420,10,2.9,1,1,45
4915,9,404,23,2.9,0,1,43
4916,12,692,57,4.5,1,1,50
4917,5,582,23,3.5,1,0,50
4918,8,176,51,3.4,1,0,50
4919,14,685,28,3.3,1,0,36
4920,9,849,53,4.6,1,1,50
4921,16,956,9,3.9,1,0,22
4922,17,322,38,4.0,1,1,35
4923,15,776,13,4.7,0,1,26
4924,18,469,2,3.6,0,1,15
4925,18,317,53,3.6,1,0,40
4926,10,427,52,3.6,1,0,50
4927,12,985,2,4.8,0,1,27
4928,4,983,58,3.7,0,1,50
4929,13,271,30,3.1,1,1,39
4930,7,586,34,2.5,1,1,50
4931,3,856,32,4.8,0,1,50
4932,9,703,58,3.1,0,0,50
4933,19,566,57,3.7,1,1,40
4934,14,126,12,4.6,0,1,28
4935,20,904,53,3.7,0,0,36
4936,20,125,59,4.8,1,0,39
4937,9,324,49,4.6,1,1,50
4938,18,945,22,4.5,1,1,25
4939,9,875,35,3.3,0,0,49
4940,4,915,48,3.0,1,0,50
4941,5,390,60,3.5,1,0,50
4942,3,521,26,3.5,0,1,50
4943,7,874,28,3.7,0,0,50
4944,19,885,14,2.8,1,1,19
4945,10,912,49,3.1,0,0,50
4946,13,326,55,4.3,1,1,50
4947,9,526,34,4.6,0,1,49
4948,9,360,51,3.0,1,0,50
4949,3,181,15,2.7,1,0,50
4950,5,486,54,4.7,1,1,50
4951,2,704,9,4.4,0,1,50
4952,6,861,9,2.9,1,0,42
4953,15,506,57,3.3,1,0,48
4954,5,419,48,3.8,0,1,50
4955,18,525,20,4.0,0,1,24
4956,5,143,6,4.0,1,1,43
4957,10,825,56,3.7,0,0,50
4958,18,519,7,2.5,0,0,17
4959,11,959,13,4.6,0,0,34
4960,9,973,1,4.2,1,1,32
4961,19,178,18,3.1,0,1,21
4962,13,686,38,4.0,1,1,43
4963,14,523,10,4.7,0,1,27
4964,6,229,33,4.1,1,0,50
4965,18,348,3,3.4,0,0,15
4966,9,521,33,4.2,1,0,48
4967,3,570,53,4.3,0,0,50
4968,4,731,12,4.4,1,0,48
4969,8,558,42,2.8,1,1,50
4970,15,247,53,3.3,0,0,46
4971,3,337,9,2.8,0,1,48
4972,8,512,7,3.1,0,1,37
4973,15,481,22,4.3,1,1,31
4974,12,552,20,3.1,0,0,36
4975,12,209,12,2.7,1,0,32
4976,7,264,53,4.9,1,1,50
4977,1,615,42,3.5,0,1,50
4978,18,556,58,2.9,0,0,43
4979,3,845,4,2.7,0,1,46
4980,20,633,33,3.6,1,0,26
4981,10,563,37,2.7,0,0,48
4982,9,497,57,2.7,0,0,50
4983,18,412,6,3.0,1,1,17
4984,17,251,33,3.7,1,0,32
4985,11,212,33,3.6,1,0,44
4986,14,266,9,3.0,1,0,26
4987,13,377,17,4.6,1,0,32
4988,5,303,25,4.9,1,1,50
4989,20,850,44,3.1,0,1,32
4990,11,433,23,4.5,1,1,39
4991,1,404,9,3.8,0,1,50
4992,4,809,9,2.6,1,1,46
4993,7,134,47,4.4,0,0,50
4994,19,698,51,5.0,0,1,37
4995,8,717,1,2.7,0,0,34
4996,17,161,5,4.1,0,1,18
4997,1,118,45,4.1,1,1,50
4998,4,581,56,3.4,1,1,50
4999,16,613,8,4.2,1,0,22
